synset_id,relation,target_synset_id,target_definition,target_members
oewn-00017402-n,hypernym,oewn-00004475-n,a living thing that has (or can develop) the ability to act or function independently,"being, organism"
oewn-00017402-n,hyponym,oewn-01386537-n,photosynthetic or plant constituent of plankton; mainly unicellular algae,phytoplankton
oewn-00017402-n,hyponym,oewn-11550459-n,microscopic plants; bacteria are often considered to be microflora,microflora
oewn-00017402-n,hyponym,oewn-11550963-n,a cultivated plant that is grown commercially on a large scale,crop
oewn-00017402-n,hyponym,oewn-11551311-n,an organism that produces its own food by photosynthesis,holophyte
oewn-00017402-n,hyponym,oewn-11551441-n,a plant that does not bear flowers,non-flowering plant
oewn-00017402-n,hyponym,oewn-11551541-n,a young plant or a small plant,plantlet
oewn-00017402-n,hyponym,oewn-11551644-n,a wild uncultivated plant (especially a wild apple or crabapple tree),wilding
oewn-00017402-n,hyponym,oewn-11556538-n,any plant grown for its beauty or ornamental value,ornamental
oewn-00017402-n,hyponym,oewn-11556681-n,a plant suitable for growing in a flowerpot (especially indoors),pot plant
oewn-00017402-n,hyponym,oewn-11556820-n,any flowerless plant such as a fern (pteridophyte) or moss (bryophyte) in which growth occurs only at the tip of the main stem,acrogen
oewn-00017402-n,hyponym,oewn-11557018-n,a plant that reproduces or is reproduced by apomixis,apomict
oewn-00017402-n,hyponym,oewn-11557124-n,a plant that lives in or on water,aquatic
oewn-00017402-n,hyponym,oewn-11572584-n,"formerly recognized taxonomic group including all flowerless and seedless plants that reproduce by means of spores: ferns, mosses, algae, fungi",cryptogam
oewn-00017402-n,hyponym,oewn-11573257-n,(botany) a plant that completes its entire life cycle within the space of a year,annual
oewn-00017402-n,hyponym,oewn-11573427-n,(botany) a plant having a life cycle that normally takes two seasons from germination to death to complete; flowering biennials usually bloom and fruit in the second season,biennial
oewn-00017402-n,hyponym,oewn-11573691-n,(botany) a plant lasting for three seasons or more,perennial
oewn-00017402-n,hyponym,oewn-11573870-n,a plant originally cultivated but now growing wild,escape
oewn-00017402-n,hyponym,oewn-11573973-n,a plant that grows in a moist habitat,hygrophyte
oewn-00017402-n,hyponym,oewn-11574085-n,a plant that is found in an area where it had not been recorded previously,neophyte
oewn-00017402-n,hyponym,oewn-11706972-n,(botany) a minute rudimentary plant contained within a seed or an archegonium,embryo
oewn-00017402-n,hyponym,oewn-11707249-n,a plant that bears fruit once and dies,"monocarp, monocarpic plant, monocarpous plant"
oewn-00017402-n,hyponym,oewn-11707381-n,the spore-producing individual or phase in the life cycle of a plant having alternation of generations,sporophyte
oewn-00017402-n,hyponym,oewn-11707540-n,the gamete-bearing individual or phase in the life cycle of a plant having alternation of generations,gametophyte
oewn-00017402-n,hyponym,oewn-13103783-n,any of a variety of plants grown indoors for decorative purposes,houseplant
oewn-00017402-n,hyponym,oewn-13104066-n,any of a variety of plants usually grown especially in a flower or herb garden,garden plant
oewn-00017402-n,hyponym,oewn-13104346-n,"green plant having a vascular system: ferns, gymnosperms, angiosperms","tracheophyte, vascular plant"
oewn-00017402-n,hyponym,oewn-13120915-n,a plant that when touched or ingested in sufficient quantity can be harmful or fatal to an organism,poisonous plant
oewn-00017402-n,hyponym,oewn-13143744-n,plant that derives moisture and nutrients from the air and rain; usually grows on another plant but not parasitic on it,"aerophyte, air plant, epiphyte, epiphytic plant"
oewn-00017402-n,hyponym,oewn-13144440-n,plant that grows on or among rocks or is suitable for a rock garden,rock plant
oewn-00017402-n,hyponym,oewn-13145413-n,plant capable of synthesizing its own food from simple organic substances,"autophyte, autophytic plant, autotroph, autotrophic organism"
oewn-00017402-n,hyponym,oewn-13199954-n,plant that affords shelter or food to ants that live in symbiotic relations with it,myrmecophyte
oewn-00048486-n,hypernym,oewn-00035910-n,the action of accomplishing something,"accomplishment, achievement"
oewn-00063834-n,hypernym,oewn-00063626-n,the act of achieving an aim,attainment
oewn-00063834-n,hyponym,oewn-00064130-n,the fastest time ever recorded for a specific distance at a particular racetrack,track record
oewn-00063834-n,hyponym,oewn-00064379-n,the best record in the whole world,world record
oewn-00076153-v,hypernym,oewn-00072742-v,eliminate from the body,"egest, eliminate, excrete, pass"
oewn-00080057-v,hypernym,oewn-00078513-v,provide treatment for,"care for, treat"
oewn-00080057-v,hyponym,oewn-00080209-v,provide veterinary care for,vet
oewn-00095025-v,hypernym,oewn-00094214-v,come to have or undergo a change of (physical features and attributes),"acquire, develop, get, grow, produce"
oewn-00099798-v,hypernym,oewn-00099475-v,do physical exercise,"exercise, work out"
oewn-00100305-v,hypernym,oewn-02413117-v,cause to work,"put to work, work"
oewn-00121022-n,hypernym,oewn-00120388-n,the act of jumping; propelling yourself off the ground,"jump, jumping"
oewn-00121022-n,hyponym,oewn-00513278-n,a playful leap or hop,"caper, capriole"
oewn-00121022-n,hyponym,oewn-01260841-n,the act of pouncing,pounce
oewn-00149916-v,hypernym,oewn-00149403-v,enter or assume a certain state or condition,"become, get, go"
oewn-00170126-n,hypernym,oewn-00171665-n,a maneuver executed by an aircraft,"airplane maneuver, flight maneuver"
oewn-00170126-n,hyponym,oewn-00170343-n,a bank so steep that the plane's lateral axis approaches the vertical,vertical bank
oewn-00190414-n,hypernym,oewn-00187483-n,the act of scoring in a game or sport,score
oewn-00190414-n,hyponym,oewn-00190745-n,a run that was not scored as the result of an error by the other team,earned run
oewn-00190414-n,hyponym,oewn-00190889-n,a run that was scored as a result of an error by the other team,unearned run
oewn-00190414-n,hyponym,oewn-00191029-n,a run that is the result of the batter's performance,"rbi, run batted in"
oewn-00261534-v,hypernym,oewn-00206293-v,to make better,"ameliorate, amend, better, improve, meliorate"
oewn-00261534-v,hyponym,oewn-00262200-v,try to fix or mend,"fiddle, tinker"
oewn-00261534-v,hyponym,oewn-00262419-v,plug with a substance,fill
oewn-00261534-v,hyponym,oewn-00262591-v,repair by adding pieces,"patch, piece"
oewn-00261534-v,hyponym,oewn-00262731-v,repair or mend,cobble
oewn-00261534-v,hyponym,oewn-00262843-v,repair the joints of bricks,"point, repoint"
oewn-00261534-v,hyponym,oewn-00263435-v,solve problems,"trouble-shoot, troubleshoot"
oewn-00261534-v,hyponym,oewn-00263589-v,mend by putting a patch on,"patch, patch up"
oewn-00261534-v,hyponym,oewn-00534483-v,put a new sole on,"resole, sole"
oewn-00261534-v,hyponym,oewn-00534607-v,provide (a shoe) with a new vamp,"revamp, vamp"
oewn-00261534-v,hyponym,oewn-00534751-v,put a new heel on,"heel, reheel"
oewn-00261534-v,hyponym,oewn-01333358-v,repair by sewing,darn
oewn-00292635-v,hypernym,oewn-00281690-v,become lighter,"lighten, lighten up"
oewn-00292635-v,hyponym,oewn-00293009-v,illuminate with floodlights,floodlight
oewn-00292635-v,hyponym,oewn-00293130-v,"illuminate with a spotlight, as in the theater",spotlight
oewn-00294760-n,hypernym,oewn-00283971-n,self-propelled movement,"locomotion, travel"
oewn-00294760-n,hyponym,oewn-00295296-n,a quick run,"dash, sprint"
oewn-00309697-n,hypernym,oewn-00309196-n,a journey for some purpose (usually including the return),trip
oewn-00309837-n,hypernym,oewn-00309196-n,a journey for some purpose (usually including the return),trip
oewn-00333482-v,hypernym,oewn-00398482-v,break into parts or components or lose cohesion or unity,disintegrate
oewn-00335613-v,hypernym,oewn-00334996-v,become separated into pieces or fragments,"break, come apart, fall apart, separate, split up"
oewn-00417926-v,hypernym,oewn-00126072-v,cause to change; make different; cause a transformation,"alter, change, modify"
oewn-00417926-v,hyponym,oewn-00418407-v,make homologous,"homologise, homologize"
oewn-00417926-v,hyponym,oewn-00458055-v,cause to become equal or homogeneous as by mixing,"homogenise, homogenize"
oewn-00417926-v,hyponym,oewn-01117608-v,"finish a game with an equal number of points, goals, etc.","draw, tie"
oewn-00433296-n,hypernym,oewn-00432833-n,activity by children that is guided more by imagination than by fixed rules,"child's play, play"
oewn-00445584-v,hypernym,oewn-00448264-v,cause to go into a solution,"break up, dissolve, resolve"
oewn-00445584-v,hyponym,oewn-00397903-v,make liquid or plastic by heating,fuse
oewn-00445584-v,hyponym,oewn-00445930-v,melt (fat or lard) in order to separate out impurities,"render, try"
oewn-00457551-v,hypernym,oewn-00150107-v,adapt or conform oneself to new or different conditions,"adapt, adjust, conform"
oewn-00457695-v,hypernym,oewn-00296959-v,alter or regulate so as to achieve accuracy or conform to a standard,"adjust, correct, set"
oewn-00457695-v,hyponym,oewn-02678923-v,bring into balance or equilibrium,"balance, equilibrate, equilibrise, equilibrize"
oewn-00459426-v,hypernym,oewn-00145958-v,undergo a transformation or a change of position or action,"change state, turn"
oewn-00459709-v,hypernym,oewn-00114965-v,"change the nature, purpose, or function of something",convert
oewn-00459709-v,hyponym,oewn-00460069-v,convert a juice into wine by fermentation,vinify
oewn-00471317-v,hypernym,oewn-00126072-v,cause to change; make different; cause a transformation,"alter, change, modify"
oewn-00489366-v,hypernym,oewn-00488684-v,"corrupt, debase, or make impure by adding a foreign or inferior substance; often by replacing valuable ingredients with inferior ones","adulterate, debase, dilute, load, stretch"
oewn-00518609-v,hypernym,oewn-00516235-v,"subject to a process or treatment, with the aim of readying for some purpose, improving, or remedying a condition","process, treat"
oewn-00518609-v,hyponym,oewn-00518764-v,cause to perform again,rerun
oewn-00540190-v,hypernym,oewn-00109468-v,undergo a change; become different in essence; losing one's or its original nature,change
oewn-00550143-v,hypernym,oewn-00149403-v,enter or assume a certain state or condition,"become, get, go"
oewn-00559920-n,hypernym,oewn-00559667-n,(American football) a play by the offensive team,football play
oewn-00559920-n,hyponym,oewn-00560366-n,(American football) the quarterback moves back as if to pass and then hands the ball to the fullback who is running toward the line of scrimmage,"draw, draw play"
oewn-00559920-n,hyponym,oewn-00560592-n,(American football) an attempt to advance the ball by running around the end of the line,"end run, sweep"
oewn-00559920-n,hyponym,oewn-00560761-n,(American football) the act of running back the ball after a kickoff or punt or interception or fumble,return
oewn-00559920-n,hyponym,oewn-00560953-n,(American football) a running play in which a back running in one direction hands the ball to a back running in the opposite direction,reverse
oewn-00559920-n,hyponym,oewn-00561330-n,(American football) an attempt to advance the ball by running into the line,"rush, rushing"
oewn-00576778-n,hypernym,oewn-00408356-n,any specific behavior,activity
oewn-00576778-n,hyponym,oewn-00256577-n,the work of cleansing (usually with soap and water),"lavation, wash, washing"
oewn-00576778-n,hyponym,oewn-00577488-n,the most important or interesting work or activity in a specific area or field,action
oewn-00576778-n,hyponym,oewn-00577754-n,a damaging piece of work,job
oewn-00576778-n,hyponym,oewn-00577914-n,the performance of a piece of work,job
oewn-00576778-n,hyponym,oewn-00578105-n,a process or series of acts especially of a practical or mechanical nature involved in a particular form of work,"operation, procedure"
oewn-00576778-n,hyponym,oewn-00578562-n,work done by one person or group that benefits another,service
oewn-00576778-n,hyponym,oewn-00579832-n,the work of making something smooth and shiny by rubbing or waxing it,"polishing, shining"
oewn-00576778-n,hyponym,oewn-00581227-n,difficult work,heavy lifting
oewn-00576778-n,hyponym,oewn-00581917-n,the work of a housewife,housewifery
oewn-00576778-n,hyponym,oewn-00581998-n,the work of cleaning and running a house,"housekeeping, housework"
oewn-00576778-n,hyponym,oewn-00582127-n,the work of using heat to smooth washed clothes in order to remove any wrinkles,ironing
oewn-00576778-n,hyponym,oewn-00582658-n,active work of little value,"busywork, make-work"
oewn-00576778-n,hyponym,oewn-00582809-n,the work of cutting down trees for timber,logging
oewn-00576778-n,hyponym,oewn-00582922-n,work that is left incomplete,"loose end, unfinished business"
oewn-00576778-n,hyponym,oewn-00583028-n,work to be done at night,nightwork
oewn-00576778-n,hyponym,oewn-00583108-n,work that involves handling papers: forms or letters or reports etc.,paperwork
oewn-00576778-n,hyponym,oewn-00583232-n,an organized activity to improve the condition of disadvantaged people in society,"social service, welfare work"
oewn-00576778-n,hyponym,oewn-00621992-n,productive work (especially physical work done for wages),"labor, labour, toil"
oewn-00576778-n,hyponym,oewn-00624910-n,working as a substitute for someone who is ill or on leave of absence,"subbing, substituting"
oewn-00576778-n,hyponym,oewn-00635107-n,the work of inquiring into something thoroughly and systematically,"investigating, investigation"
oewn-00576778-n,hyponym,oewn-00656128-n,the work of providing treatment for or attending to someone or something,"aid, attention, care, tending"
oewn-00576778-n,hyponym,oewn-00720746-n,work that you are obliged to perform for moral or legal reasons,duty
oewn-00576778-n,hyponym,oewn-00732282-n,the organized work of a religious missionary,"mission, missionary work"
oewn-00576778-n,hyponym,oewn-00797169-n,dull or routine preliminary work preparing for an undertaking,spadework
oewn-00576778-n,hyponym,oewn-00797286-n,work paid for at a rate per unit of time,timework
oewn-00576778-n,hyponym,oewn-00797381-n,any piece of work that is undertaken or attempted,"labor, labour, project, task, undertaking"
oewn-00576778-n,hyponym,oewn-00886766-n,work assigned to and done by a student during a course of study; usually it is evaluated as part of the student's grade in the course,coursework
oewn-00576778-n,hyponym,oewn-90015671-n,Work done by a large group of anonymous users,crowdsourcing
oewn-00577754-n,hypernym,oewn-00576778-n,activity directed toward making or doing something,work
oewn-00577914-n,hypernym,oewn-00576778-n,activity directed toward making or doing something,work
oewn-00583425-n,hypernym,oewn-00408356-n,any specific behavior,activity
oewn-00583425-n,hyponym,oewn-00434053-n,the occupation and skills of a confectioner,confectionery
oewn-00583425-n,hyponym,oewn-00434156-n,the occupation of athletes who compete for pay,sport
oewn-00583425-n,hyponym,oewn-00454755-n,agriculture considered as an occupation or way of life,"farming, land"
oewn-00583425-n,hyponym,oewn-00584126-n,your occupation or line of work,"biz, game"
oewn-00583425-n,hyponym,oewn-00584283-n,the particular occupation for which you are trained,"calling, career, vocation"
oewn-00583425-n,hyponym,oewn-00585404-n,the occupation for which you are paid,"employment, work"
oewn-00583425-n,hyponym,oewn-00587142-n,the job to which you are (or hope to be) appointed,appointment
oewn-00583425-n,hyponym,oewn-00587299-n,a job in an organization,"berth, office, place, position, post, situation"
oewn-00583425-n,hyponym,oewn-00607234-n,a job involving drudgery and confinement,"salt mine, treadmill"
oewn-00583425-n,hyponym,oewn-00607485-n,the skilled practice of a practical occupation,"craft, trade"
oewn-00583425-n,hyponym,oewn-00611221-n,an occupation requiring special education (especially in the liberal arts or sciences),profession
oewn-00583425-n,hyponym,oewn-00611490-n,an occupation for which you are especially well suited,"medium, metier"
oewn-00583425-n,hyponym,oewn-00619974-n,the occupation of maintaining and auditing records and preparing financial reports for a business,"accountancy, accounting"
oewn-00583425-n,hyponym,oewn-00621794-n,the occupation of taking and printing photographs or making movies,photography
oewn-00583425-n,hyponym,oewn-01106229-n,providing food and services,catering
oewn-00585404-n,hypernym,oewn-00583425-n,the principal activity in your life that you do to earn money,"business, job, line, line of work, occupation"
oewn-00585404-n,hyponym,oewn-00271644-n,the job of a professional coach,"coaching, coaching job"
oewn-00585404-n,hyponym,oewn-00271763-n,employment for performers or performing groups that lasts for a limited period of time,"booking, engagement"
oewn-00585404-n,hyponym,oewn-00315097-n,the work of a minister of religion,ministry
oewn-00585404-n,hyponym,oewn-00315295-n,the work of a sailor,"navigation, sailing, seafaring"
oewn-00585404-n,hyponym,oewn-00582278-n,work that a person is expected to do in a specified time,"work load, workload"
oewn-00585404-n,hyponym,oewn-00582554-n,work paid for according to the quantity produced,piecework
oewn-00585404-n,hyponym,oewn-00585928-n,employment in or work for another,service
oewn-00585404-n,hyponym,oewn-00586055-n,employment at home while communicating with the workplace by phone or fax or modem,"telecommuting, teleworking"
oewn-00585404-n,hyponym,oewn-00586211-n,performance of duties or provision of space and equipment helpful to others,services
oewn-00585404-n,hyponym,oewn-00586697-n,employment within a government system (especially in the civil service),public service
oewn-00585404-n,hyponym,oewn-00721583-n,the job of delivering newspapers regularly,paper route
oewn-00585806-n,hypernym,oewn-01132241-n,the social force that binds you to the courses of action demanded by that force,"duty, obligation, responsibility"
oewn-00587299-n,hypernym,oewn-00583425-n,the principal activity in your life that you do to earn money,"business, job, line, line of work, occupation"
oewn-00587299-n,hyponym,oewn-00589510-n,the position of member of an honorary academy,academicianship
oewn-00587299-n,hyponym,oewn-00589635-n,the position of accountant,accountantship
oewn-00587299-n,hyponym,oewn-00589740-n,the office of admiral,admiralty
oewn-00587299-n,hyponym,oewn-00589817-n,the post of ambassador,ambassadorship
oewn-00587299-n,hyponym,oewn-00589918-n,the position of apostle,apostleship
oewn-00587299-n,hyponym,oewn-00590035-n,the position of apprentice,apprenticeship
oewn-00587299-n,hyponym,oewn-00590140-n,the position of associate (as in an office or academy),associateship
oewn-00587299-n,hyponym,oewn-00590254-n,the position of attorney,attorneyship
oewn-00587299-n,hyponym,oewn-00590355-n,the office of bailiff,bailiffship
oewn-00587299-n,hyponym,oewn-00590452-n,the state of a baronet,baronetage
oewn-00587299-n,hyponym,oewn-00590531-n,the office and dignity of a bishop,"bishopry, episcopate"
oewn-00587299-n,hyponym,oewn-00590633-n,the position of cadet,cadetship
oewn-00587299-n,hyponym,oewn-00590728-n,the office of a caliph,caliphate
oewn-00587299-n,hyponym,oewn-00590806-n,the post of captain,"captaincy, captainship"
oewn-00587299-n,hyponym,oewn-00590985-n,the office of cardinal,"cardinalate, cardinalship"
oewn-00587299-n,hyponym,oewn-00591162-n,the position of chairman,chairmanship
oewn-00587299-n,hyponym,oewn-00591263-n,the office of chancellor,chancellorship
oewn-00587299-n,hyponym,oewn-00591384-n,the position of chaplain,"chaplaincy, chaplainship"
oewn-00587299-n,hyponym,oewn-00591498-n,the position of chieftain,"chieftaincy, chieftainship"
oewn-00587299-n,hyponym,oewn-00591633-n,the job of clerk,clerkship
oewn-00587299-n,hyponym,oewn-00591741-n,the position or office of commander,"commandership, commandery"
oewn-00587299-n,hyponym,oewn-00591921-n,the position of comptroller,comptrollership
oewn-00587299-n,hyponym,oewn-00592028-n,the post of consul,consulship
oewn-00587299-n,hyponym,oewn-00592121-n,the position of controller,controllership
oewn-00587299-n,hyponym,oewn-00592226-n,the position of council member,"councillorship, councilorship"
oewn-00587299-n,hyponym,oewn-00592351-n,the position of counselor,"counsellorship, counselorship"
oewn-00587299-n,hyponym,oewn-00592561-n,the position of a curate,curacy
oewn-00587299-n,hyponym,oewn-00592638-n,the position of curator,curatorship
oewn-00587299-n,hyponym,oewn-00592737-n,the position of custodian,custodianship
oewn-00587299-n,hyponym,oewn-00592840-n,the position or office of a dean,"deanery, deanship"
oewn-00587299-n,hyponym,oewn-00592973-n,the position of a director of a business concern,directorship
oewn-00587299-n,hyponym,oewn-00593116-n,the position of disciple,discipleship
oewn-00587299-n,hyponym,oewn-00593217-n,the position of editor,editorship
oewn-00587299-n,hyponym,oewn-00593314-n,the office of elder,eldership
oewn-00587299-n,hyponym,oewn-00593407-n,the office of an emir,emirate
oewn-00587299-n,hyponym,oewn-00593482-n,the status of a father,fatherhood
oewn-00587299-n,hyponym,oewn-00593561-n,the status of a religious leader,fatherhood
oewn-00587299-n,hyponym,oewn-00593650-n,the position of foreman,foremanship
oewn-00587299-n,hyponym,oewn-00593767-n,the office and authority of a general,"generalcy, generalship"
oewn-00587299-n,hyponym,oewn-00593910-n,the office of governor,governorship
oewn-00587299-n,hyponym,oewn-00594223-n,the position of head,headship
oewn-00587299-n,hyponym,oewn-00594334-n,the position of headmaster or headmistress,headship
oewn-00587299-n,hyponym,oewn-00594504-n,a difficult position where you are subjected to stress and criticism,hot seat
oewn-00587299-n,hyponym,oewn-00594627-n,the office of an incumbent,incumbency
oewn-00587299-n,hyponym,oewn-00594728-n,the office of inspector,inspectorship
oewn-00587299-n,hyponym,oewn-00594847-n,the position of instructor,instructorship
oewn-00587299-n,hyponym,oewn-00594952-n,the position of a medical intern,internship
oewn-00587299-n,hyponym,oewn-00595059-n,the position of judge,"judgeship, judicature"
oewn-00587299-n,hyponym,oewn-00595185-n,the position of a khan,khanate
oewn-00587299-n,hyponym,oewn-00595261-n,the post of lecturer,lectureship
oewn-00587299-n,hyponym,oewn-00595375-n,the post or office of legate,"legateship, legation"
oewn-00587299-n,hyponym,oewn-00595489-n,the office of legislator,legislatorship
oewn-00587299-n,hyponym,oewn-00595592-n,the position of librarian,librarianship
oewn-00587299-n,hyponym,oewn-00595695-n,the position of a lieutenant,lieutenancy
oewn-00587299-n,hyponym,oewn-00595853-n,the position of magistrate,"magistracy, magistrature"
oewn-00587299-n,hyponym,oewn-00595951-n,the position of manager,managership
oewn-00587299-n,hyponym,oewn-00596068-n,the status of being a man,manhood
oewn-00587299-n,hyponym,oewn-00596147-n,the post of marshall,marshalship
oewn-00587299-n,hyponym,oewn-00596261-n,the position of master,mastership
oewn-00587299-n,hyponym,oewn-00596448-n,the position of mayor,mayoralty
oewn-00587299-n,hyponym,oewn-00596525-n,the position of messiah,messiahship
oewn-00587299-n,hyponym,oewn-00596660-n,the position of moderator,moderatorship
oewn-00587299-n,hyponym,oewn-00596799-n,the position of overlord,overlordship
oewn-00587299-n,hyponym,oewn-00596900-n,the position of pastor,"pastorate, pastorship"
oewn-00587299-n,hyponym,oewn-00597009-n,the state of being a peasant,peasanthood
oewn-00587299-n,hyponym,oewn-00597196-n,a highly desirable position or assignment,plum
oewn-00587299-n,hyponym,oewn-00597308-n,the office of praetor,praetorship
oewn-00587299-n,hyponym,oewn-00597405-n,the position of precentor,precentorship
oewn-00587299-n,hyponym,oewn-00597508-n,the position of preceptor,preceptorship
oewn-00587299-n,hyponym,oewn-00597611-n,the office of prefect,prefecture
oewn-00587299-n,hyponym,oewn-00597707-n,the office or station of a prelate,"prelacy, prelature"
oewn-00587299-n,hyponym,oewn-00597807-n,the office of premier,premiership
oewn-00587299-n,hyponym,oewn-00597922-n,the office and function of president,"presidency, presidentship"
oewn-00587299-n,hyponym,oewn-00598647-n,the office of primate,primateship
oewn-00587299-n,hyponym,oewn-00598744-n,the post of principal,principalship
oewn-00587299-n,hyponym,oewn-00598843-n,the office of prior,priorship
oewn-00587299-n,hyponym,oewn-00598936-n,the position of proconsul,"proconsulate, proconsulship"
oewn-00587299-n,hyponym,oewn-00599072-n,the position of proctor,proctorship
oewn-00587299-n,hyponym,oewn-00599171-n,the position of professor,"chair, professorship"
oewn-00587299-n,hyponym,oewn-00599330-n,the position of protector,protectorship
oewn-00587299-n,hyponym,oewn-00599433-n,a position concerning the people as a whole,public office
oewn-00587299-n,hyponym,oewn-00599793-n,the office or function of a rabbi,rabbinate
oewn-00587299-n,hyponym,oewn-00599882-n,the office of a receiver,receivership
oewn-00587299-n,hyponym,oewn-00599983-n,the office or station of a rector,"rectorate, rectorship"
oewn-00587299-n,hyponym,oewn-00600085-n,the office of a regent,regency
oewn-00587299-n,hyponym,oewn-00600179-n,the position of physician who is receiving special training in a hospital (usually after completing an internship),residency
oewn-00587299-n,hyponym,oewn-00600349-n,the position of ruler,rulership
oewn-00587299-n,hyponym,oewn-00600444-n,the status and dignity of a saint,sainthood
oewn-00587299-n,hyponym,oewn-00600587-n,the position of secretary,secretaryship
oewn-00587299-n,hyponym,oewn-00604981-n,the position and authority of a feudal lord,"feudal lordship, seigneury, seigniory"
oewn-00587299-n,hyponym,oewn-00605246-n,the office of senator,senatorship
oewn-00587299-n,hyponym,oewn-00605343-n,an office that involves minimal duties,sinecure
oewn-00587299-n,hyponym,oewn-00605436-n,the position of solicitor,solicitorship
oewn-00587299-n,hyponym,oewn-00605539-n,the position of Speaker,speakership
oewn-00587299-n,hyponym,oewn-00605638-n,the position of steward,stewardship
oewn-00587299-n,hyponym,oewn-00605809-n,the position of student,studentship
oewn-00587299-n,hyponym,oewn-00605926-n,the position of teacher,teachership
oewn-00587299-n,hyponym,oewn-00606025-n,the position of thane,thaneship
oewn-00587299-n,hyponym,oewn-00606138-n,the position and power of an exalted person (a sovereign or bishop) who is entitled to sit in a chair of state on ceremonial occasions,throne
oewn-00587299-n,hyponym,oewn-00606361-n,the position of treasurer,treasurership
oewn-00587299-n,hyponym,oewn-00606464-n,the position of tribune,tribuneship
oewn-00587299-n,hyponym,oewn-00606545-n,the position of trustee,trusteeship
oewn-00587299-n,hyponym,oewn-00606626-n,the office and function of a vice president,vice-presidency
oewn-00587299-n,hyponym,oewn-00606731-n,the position of viceroy,viceroyship
oewn-00587299-n,hyponym,oewn-00606830-n,the position of vizier,viziership
oewn-00587299-n,hyponym,oewn-00606927-n,the position of warden,wardenship
oewn-00587299-n,hyponym,oewn-00607024-n,the position of warder,wardership
oewn-00587299-n,hyponym,oewn-00607121-n,the status of a woman,womanhood
oewn-00589392-v,hypernym,oewn-00349400-v,"set in motion, cause to start","begin, commence, lead off, start"
oewn-00599171-n,hypernym,oewn-00587299-n,a job in an organization,"berth, office, place, position, post, situation"
oewn-00604200-v,hypernym,oewn-00601387-v,be a student of a certain subject,"learn, read, study, take"
oewn-00604200-v,hyponym,oewn-00604030-v,be or work as an apprentice,apprentice
oewn-00604200-v,hyponym,oewn-00604574-v,train again,retrain
oewn-00604200-v,hyponym,oewn-00605489-v,undergo military training or do military exercises,drill
oewn-00604693-v,hypernym,oewn-00830768-v,impart skills or knowledge to,"instruct, learn, teach"
oewn-00604693-v,hyponym,oewn-00605217-v,teach new skills,retrain
oewn-00604693-v,hyponym,oewn-00605376-v,"train in the military, e.g., in the use of weapons",drill
oewn-00604693-v,hyponym,oewn-00605620-v,train (a pet) to live cleanly in a house,"house-train, housebreak"
oewn-00604693-v,hyponym,oewn-00605844-v,train (a small child) to use the toilet,toilet-train
oewn-00636568-v,hypernym,oewn-00590283-v,know and comprehend the nature or meaning of,understand
oewn-00636568-v,hyponym,oewn-00637185-v,understand the meaning of,"answer, resolve"
oewn-00636568-v,hyponym,oewn-00637376-v,explain a riddle,riddle
oewn-00636568-v,hyponym,oewn-00637566-v,"arrive at after reckoning, deliberating, and weighing",strike
oewn-00636568-v,hyponym,oewn-00637723-v,guess correctly; solve by guessing,"guess, infer"
oewn-00636568-v,hyponym,oewn-00637941-v,give the correct answer or solution to,answer
oewn-00636568-v,hyponym,oewn-00740319-v,find the solution or key to,break
oewn-00711834-v,hypernym,oewn-00706456-v,make plans for something,plan
oewn-00711834-v,hyponym,oewn-00712244-v,plan and oversee the development and details of,choreograph
oewn-00713379-v,hypernym,oewn-01641910-v,make or work out a plan for; devise,"contrive, design, plan, project"
oewn-00714537-v,hypernym,oewn-00690278-v,have confidence or faith in,trust
oewn-00720957-n,hypernym,oewn-00720746-n,work that you are obliged to perform for moral or legal reasons,duty
oewn-00720957-n,hyponym,oewn-00721418-n,a job or situation that is demanding and arduous and punishing,"ball-breaker, ball-buster"
oewn-00720957-n,hyponym,oewn-00721683-n,an individual's prescribed share of work,stint
oewn-00720957-n,hyponym,oewn-00733874-n,"trivial, unrewarding, tedious, dirty, and disagreeable chores","scut work, shitwork"
oewn-00721817-n,hypernym,oewn-00720746-n,work that you are obliged to perform for moral or legal reasons,duty
oewn-00721817-n,hyponym,oewn-00722203-n,a specified function,capacity
oewn-00721817-n,hyponym,oewn-00722393-n,an informal term for a person's role,hat
oewn-00721817-n,hyponym,oewn-00722534-n,the role of the head of a government department,portfolio
oewn-00721817-n,hyponym,oewn-00722683-n,the post or function properly or customarily occupied or served by another,"lieu, place, position, stead"
oewn-00721817-n,hyponym,oewn-00723180-n,a secondary role or function,second fiddle
oewn-00736813-v,hypernym,oewn-00744289-v,transmit information,"communicate, pass, pass along, pass on, put across"
oewn-00784446-n,hypernym,oewn-00783339-n,larceny by threat of violence,robbery
oewn-00792739-n,hypernym,oewn-00787849-n,earnest and conscientious activity intended to do or accomplish something,"attempt, effort, endeavor, endeavour, try"
oewn-00792739-n,hyponym,oewn-00793188-n,a quantitative or qualitative test of a substance (especially an ore or a drug) to determine its components; frequently used to test for the presence or concentration of infectious agents or antibodies etc.,assay
oewn-00792739-n,hyponym,oewn-00794017-n,a rigorously controlled test of a new drug or a new invasive medical device on human subjects; in the United States it is conducted under the direction of the FDA before being made available for general clinical use,"clinical test, clinical trial"
oewn-00792739-n,hyponym,oewn-00795505-n,a test procedure in which the identity of those receiving the intervention is concealed from both the administrators and the subjects until after the test is completed; designed to reduce or eliminate bias in the results,double blind
oewn-00792739-n,hyponym,oewn-00795784-n,a laboratory test of a new drug or a new invasive medical device on animal subjects; conducted to gather evidence justifying a clinical trial,"preclinical phase, preclinical test, preclinical trial"
oewn-00792739-n,hyponym,oewn-00796275-n,a test of the suitability of a performer,"audition, tryout"
oewn-00792739-n,hyponym,oewn-00796531-n,a test of young hunting dogs to determine their skill in pointing and retrieving,field trial
oewn-00792739-n,hyponym,oewn-00796669-n,putting clothes on to see whether they fit,"fitting, try-on, trying on"
oewn-00792739-n,hyponym,oewn-00796822-n,a compulsory annual test of older motor vehicles for safety and exhaust fumes,"ministry of transportation test, mot, mot test"
oewn-00792739-n,hyponym,oewn-00797013-n,activity planned as a test or trial,"pilot program, pilot project"
oewn-00792739-n,hyponym,oewn-05755001-n,a test of visual acuity using a Snellen chart,snellen test
oewn-00815452-v,hypernym,oewn-00815640-v,speak with others about (something); talk (something) over in detail; have a discussion,"discuss, hash out, talk over"
oewn-00835381-v,hypernym,oewn-00830768-v,impart skills or knowledge to,"instruct, learn, teach"
oewn-00900502-n,hypernym,oewn-00900216-n,an activity that stands as an equivalent of something or results in an equivalent,representation
oewn-00900502-n,hyponym,oewn-00900747-n,the act of imitating the behavior of some situation or some process by means of something suitably analogous (especially for the purpose of study or personnel training),simulation
oewn-00903174-n,hypernym,oewn-00903014-n,obtaining images by the use of X rays,"x-radiation, x-raying"
oewn-00908688-v,hypernym,oewn-01012145-v,state emphatically and authoritatively,declare
oewn-00908688-v,hyponym,oewn-00909019-v,doom beforehand,foredoom
oewn-00908688-v,hyponym,oewn-01073177-v,abandon to eternal damnation,reprobate
oewn-00924838-v,hypernym,oewn-00929986-v,to state or express briefly,indicate
oewn-00924838-v,hyponym,oewn-00925168-v,indicate,say
oewn-00924838-v,hyponym,oewn-00925278-v,"give evidence of, as of records",show
oewn-00924838-v,hyponym,oewn-00925593-v,indicate (a certain time) by striking,strike
oewn-00937859-v,hypernym,oewn-00935783-v,make known to the public information that was previously known only to a few people or that was meant to be kept a secret,"break, bring out, disclose, discover, divulge, expose, give away, let on, let out, reveal, uncover, unwrap"
oewn-00967067-v,hypernym,oewn-00833312-v,"impart knowledge of some fact, state of affairs, or event to",inform
oewn-00967422-v,hypernym,oewn-00833312-v,"impart knowledge of some fact, state of affairs, or event to",inform
oewn-00967574-v,hypernym,oewn-00909100-v,"express complaints, discontent, displeasure, or unhappiness","complain, kick, kvetch, plain, quetch, sound off"
oewn-00967719-v,hypernym,oewn-00976399-v,make known; make an announcement,"announce, denote"
oewn-00967719-v,hyponym,oewn-00968184-v,"announce one's arrival, e.g. at hotels or airports","check in, sign in"
oewn-00967719-v,hyponym,oewn-00968524-v,announce one's departure from a hotel,check out
oewn-00967719-v,hyponym,oewn-00968672-v,register one's departure from work,"clock off, clock out, punch out"
oewn-00968841-v,hypernym,oewn-00976399-v,make known; make an announcement,"announce, denote"
oewn-00969130-v,hypernym,oewn-00833312-v,"impart knowledge of some fact, state of affairs, or event to",inform
oewn-00982485-v,hypernym,oewn-00945869-v,give expression to,"evince, express, show"
oewn-00982485-v,hyponym,oewn-00786389-v,direct or put; seek an answer to,ask
oewn-00982485-v,hyponym,oewn-00964222-v,make or coin into a word or accept a new word into the lexicon of a language,"lexicalise, lexicalize"
oewn-00982485-v,hyponym,oewn-00982940-v,state as a dogma,"dogmatise, dogmatize"
oewn-00982485-v,hyponym,oewn-00983115-v,express as a formula,"formularise, formularize"
oewn-00982485-v,hyponym,oewn-00983308-v,formulate in a particular style or language,"cast, couch, frame, put, redact"
oewn-01000444-v,hypernym,oewn-01002259-v,make a record of; set down in permanent form,"enter, put down, record"
oewn-01000444-v,hyponym,oewn-01000931-v,record data on a computer,"save, write"
oewn-01000444-v,hyponym,oewn-01001315-v,record with a tape recorder,tape record
oewn-01000444-v,hyponym,oewn-01001474-v,"record before presentation, as of a broadcast",prerecord
oewn-01000444-v,hyponym,oewn-01760260-v,record a performance on (a medium),cut
oewn-01000444-v,hyponym,oewn-01760407-v,make a recording of,cut
oewn-01002259-v,hypernym,oewn-02230274-v,to keep up and reserve for personal or special use,"preserve, save"
oewn-01002259-v,hyponym,oewn-00951873-v,"keep score, as in games","chalk up, tally"
oewn-01002259-v,hyponym,oewn-00968362-v,register one's arrival at work,"clock in, clock on, punch in"
oewn-01002259-v,hyponym,oewn-01000444-v,register electronically,"record, tape"
oewn-01002259-v,hyponym,oewn-01001613-v,"make a record of additions to a collection, such as a library",accession
oewn-01002259-v,hyponym,oewn-01001760-v,"display, as of records in sports games",post
oewn-01002259-v,hyponym,oewn-01002103-v,to perform and record a sale on a cash register,ring up
oewn-01002259-v,hyponym,oewn-01002923-v,record in a ship's manifest,manifest
oewn-01002259-v,hyponym,oewn-01003053-v,"write, engrave, or print as a lasting record",inscribe
oewn-01002259-v,hyponym,oewn-01003181-v,record in chronological order; make a historical record,chronicle
oewn-01002259-v,hyponym,oewn-01003688-v,place in a container for keeping records,"file, file away"
oewn-01002259-v,hyponym,oewn-01004342-v,record in detail,document
oewn-01002259-v,hyponym,oewn-01004526-v,"enter into a log, as on ships and planes",log
oewn-01002259-v,hyponym,oewn-01004663-v,record a distance travelled; on planes and cars,"clock up, log up"
oewn-01002259-v,hyponym,oewn-01004785-v,make a film or photograph of something,"film, shoot, take"
oewn-01002259-v,hyponym,oewn-01005094-v,record on videotape,"tape, videotape"
oewn-01002259-v,hyponym,oewn-01005294-v,record on photographic film,"photograph, shoot, snap"
oewn-01002259-v,hyponym,oewn-01006107-v,make underscoring marks,"mark, score"
oewn-01002259-v,hyponym,oewn-01006595-v,notch a surface to record something,notch
oewn-01002259-v,hyponym,oewn-01067899-v,maintain by writing regular records,"keep, maintain"
oewn-01002259-v,hyponym,oewn-01715824-v,record in film,film
oewn-01002259-v,hyponym,oewn-02477113-v,record in writing; enter into a book of names or events or transactions,register
oewn-01002259-v,hyponym,oewn-02503785-v,record a charge in a police register,book
oewn-01002259-v,hyponym,oewn-90009391-v,to capture an image from a computer's display,screenshot
oewn-01035490-n,hypernym,oewn-01031438-n,an established ceremony prescribed by a religion,"religious rite, rite"
oewn-01035490-n,hyponym,oewn-01035746-n,canonical prayers recited daily by priests (e.g. the breviary of the Roman Catholic Church),divine office
oewn-01035490-n,hyponym,oewn-01035935-n,a Roman Catholic office honoring the Virgin Mary; similar to but shorter than the Divine Office,little office
oewn-01035490-n,hyponym,oewn-01036109-n,an office read or sung before a burial mass in the Roman Catholic Church,office of the dead
oewn-01083545-v,hypernym,oewn-01081176-v,"oppose, as in hostility or a competition","confront, face"
oewn-01088514-v,hypernym,oewn-01074673-v,compete for something; engage in a contest; measure oneself against others,"compete, contend, vie"
oewn-01088514-v,hyponym,oewn-01088960-v,finish third or better in a horse or dog race,show
oewn-01088514-v,hyponym,oewn-01089102-v,finish second or better in a horse or dog race,place
oewn-01088514-v,hyponym,oewn-01089265-v,participate in a boat race,boat-race
oewn-01088514-v,hyponym,oewn-01089376-v,compete in a horse race,horse-race
oewn-01088514-v,hyponym,oewn-01096497-v,"run, stand, or compete for an office or a position","campaign, run"
oewn-01088514-v,hyponym,oewn-01942147-v,race on skates,speed skate
oewn-01096497-v,hypernym,oewn-01088514-v,compete in a race,"race, run"
oewn-01096497-v,hyponym,oewn-01096795-v,travel through a district and make political speeches,stump
oewn-01096497-v,hyponym,oewn-01096950-v,run again for office,rerun
oewn-01096497-v,hyponym,oewn-01097494-v,tour the country in order to solicit votes for an election,whistlestop
oewn-01096497-v,hyponym,oewn-02477456-v,have one's name listed as a candidate for several parties,"cross-file, register"
oewn-01099197-n,hypernym,oewn-00408356-n,any specific behavior,activity
oewn-01099197-n,hyponym,oewn-01099644-n,an illegal market in which goods or currencies are bought and sold in violation of rationing or controls,black market
oewn-01099197-n,hyponym,oewn-01099825-n,a market in which more people want to sell than want to buy,"buyer's market, buyers' market, soft market"
oewn-01099197-n,hyponym,oewn-01099976-n,an unofficial market in which goods are bought and sold at prices lower than the official price set by a regulatory agency,"gray market, grey market"
oewn-01099197-n,hyponym,oewn-01100170-n,a market in which more people want to buy than want to sell,"seller's market, sellers' market"
oewn-01099197-n,hyponym,oewn-01100309-n,the market in which workers compete for jobs and employers compete for workers,labor market
oewn-01099197-n,hyponym,oewn-14467792-n,(economics) a market in which there are many buyers but only one seller,monopoly
oewn-01099197-n,hyponym,oewn-14468110-n,(economics) a market in which goods or services are offered by several sellers but there is only one buyer,monopsony
oewn-01099197-n,hyponym,oewn-14468291-n,(economics) a market in which control over the supply of a commodity is in the hands of a small number of producers and each one can influence prices and affect competitors,oligopoly
oewn-01099197-n,hyponym,oewn-92438345-n,the market for the sale of goods or services to consumers rather than producers or intermediaries.,retail market
oewn-01099197-n,hyponym,oewn-92438349-n,"the market for the sale of goods to a retailer; that is, a wholesaler receives large quantities of goods from a manufacturer and distributes them to stores, where they are sold to consumers.",wholesale market
oewn-01142291-v,hypernym,oewn-02173796-v,watch attentively,observe
oewn-01146304-v,hypernym,oewn-01482779-v,"capture as if by hunting, snaring, or trapping","capture, catch"
oewn-01146304-v,hyponym,oewn-01138109-v,hunt or shoot snipe,snipe
oewn-01146304-v,hyponym,oewn-01144364-v,hunt for whales,whale
oewn-01146304-v,hyponym,oewn-01144629-v,hunt (quarry) by stalking and ambushing,"ambush, still-hunt"
oewn-01146304-v,hyponym,oewn-01144789-v,"hunt for turtles, especially as an occupation",turtle
oewn-01146304-v,hyponym,oewn-01144916-v,(hunting) chase from cover into more open ground,drive
oewn-01146304-v,hyponym,oewn-01145082-v,(hunting) search for game,drive
oewn-01146304-v,hyponym,oewn-01145227-v,hunt rabbits,rabbit
oewn-01146304-v,hyponym,oewn-01145365-v,hunt fowl in the forest,fowl
oewn-01146304-v,hyponym,oewn-01145732-v,hunt illegally,poach
oewn-01146304-v,hyponym,oewn-01145964-v,hunt seals,seal
oewn-01146304-v,hyponym,oewn-01147016-v,hunt with ferrets,ferret
oewn-01146304-v,hyponym,oewn-01147339-v,hunt with hounds,course
oewn-01146304-v,hyponym,oewn-01147490-v,"hunt foxes, on horseback and with dogs",foxhunt
oewn-01146304-v,hyponym,oewn-01147831-v,hunt with a jacklight,"jack, jacklight"
oewn-01146304-v,hyponym,oewn-01148078-v,hunt with hawks,hawk
oewn-01146304-v,hyponym,oewn-01148232-v,hunt with falcons,falcon
oewn-01146304-v,hyponym,oewn-01148410-v,hunt fowl,fowl
oewn-01146304-v,hyponym,oewn-02274739-v,collect or look around for (food),"forage, scrounge"
oewn-01153576-v,hypernym,oewn-01991174-v,"cause to be in an appropriate place, state, or relation",position
oewn-01153576-v,hyponym,oewn-01153025-v,intend (something) to move towards a certain goal,"aim, direct, place, point, target"
oewn-01153576-v,hyponym,oewn-01154093-v,aim with a gun,draw a bead on
oewn-01153576-v,hyponym,oewn-01154219-v,"aim, point, or direct",hold
oewn-01153576-v,hyponym,oewn-01154355-v,direct at someone,turn
oewn-01153576-v,hyponym,oewn-01154506-v,hit or aim at with a sweeping arm movement,swing
oewn-01153576-v,hyponym,oewn-01154680-v,direct into a position for use,"charge, level, point"
oewn-01153576-v,hyponym,oewn-01155362-v,aim at,level
oewn-01153576-v,hyponym,oewn-02203821-v,take aim by looking through the sights of a gun (or other device),sight
oewn-01165070-v,hypernym,oewn-01161188-v,put into service; make work or employ for a particular purpose or for its inherent or natural purpose,"apply, employ, use, utilise, utilize"
oewn-01165070-v,hyponym,oewn-01165513-v,turn to one's advantage,make hay
oewn-01165070-v,hyponym,oewn-01165671-v,use to one's advantage,play
oewn-01165070-v,hyponym,oewn-01196102-v,take or use,"avail, help"
oewn-01165070-v,hyponym,oewn-01206335-v,profit from in an exploitatory manner,"feed, prey"
oewn-01165070-v,hyponym,oewn-02606487-v,seek or achieve an end by using to one's advantage,use
oewn-01177806-n,hypernym,oewn-01175528-n,a powerful stroke with the fist or a weapon,blow
oewn-01191772-n,hypernym,oewn-01191491-n,a judgment disposing of the case before the court; after the judgment (or an appeal from it) is rendered all that remains is to enforce the judgment,"final decision, final judgment"
oewn-01191772-n,hyponym,oewn-01196511-n,conviction for murder,murder conviction
oewn-01191772-n,hyponym,oewn-01196615-n,conviction for rape,rape conviction
oewn-01191772-n,hyponym,oewn-01196715-n,conviction for robbery,robbery conviction
oewn-01202519-v,hypernym,oewn-02765572-v,cause to start burning; subject to fire or great heat,"ignite, light"
oewn-01214794-v,hypernym,oewn-01839438-v,"change location; move, travel, or proceed, also metaphorically","go, locomote, move, travel"
oewn-01214794-v,hyponym,oewn-01252288-v,move over something with pressure,rub
oewn-01214794-v,hyponym,oewn-01362506-v,pass through or into,thread
oewn-01214794-v,hyponym,oewn-01524545-v,pass a thread through,thread
oewn-01237357-v,hypernym,oewn-01335412-v,provide with a covering or cause to be covered,cover
oewn-01237919-v,hypernym,oewn-01214263-v,hold something in one's hands and move it,manipulate
oewn-01237919-v,hyponym,oewn-01238122-v,knead to reach proper lightness,proof
oewn-01237919-v,hyponym,oewn-01238231-v,grind and knead,masticate
oewn-01295488-v,hypernym,oewn-01297878-v,cause to become joined or linked,join
oewn-01295488-v,hyponym,oewn-01296151-v,provide with an unsuitable mate,mismate
oewn-01295488-v,hyponym,oewn-01296629-v,match badly; match two objects or people that do not go together,mismatch
oewn-01295992-v,hypernym,oewn-01297878-v,cause to become joined or linked,join
oewn-01373866-v,hypernym,oewn-01496967-v,put into a certain place or abstract location,"lay, place, pose, position, put, set"
oewn-01414524-v,hypernym,oewn-01413739-v,beat severely with a whip or rod,"flog, lash, lather, slash, strap, trounce, welt, whip"
oewn-01419193-v,hypernym,oewn-01401573-v,hit repeatedly,beat
oewn-01419193-v,hyponym,oewn-01419386-v,beat with a sledgehammer,"sledge, sledgehammer"
oewn-01456580-v,hypernym,oewn-01456044-v,"pull, as against a resistance",drag
oewn-01505702-n,hypernym,oewn-01474323-n,animals having a bony or cartilaginous skeleton with a segmented spinal column and a large brain enclosed in a skull or cranium,"craniate, vertebrate"
oewn-01505702-n,hyponym,oewn-01506617-n,small bird; adults talking to children sometimes use these words to refer to small birds,"dickey-bird, dickeybird, dicky-bird, dickybird"
oewn-01505702-n,hyponym,oewn-01517309-n,adult male bird,cock
oewn-01505702-n,hyponym,oewn-01517500-n,adult female bird,hen
oewn-01505702-n,hyponym,oewn-01517567-n,a bird that has built (or is building) a nest,nester
oewn-01505702-n,hyponym,oewn-01517719-n,"any bird associated with night: owl, nightingale, nighthawk, etc.",night bird
oewn-01505702-n,hyponym,oewn-01517944-n,any bird that migrates seasonally,bird of passage
oewn-01505702-n,hyponym,oewn-01518224-n,most primitive avian type known; extinct bird of the Triassic having bird-like jaw and hollow limbs and breastbone with dinosaur-like tail and hind limbs,protoavis
oewn-01505702-n,hyponym,oewn-01518853-n,extinct primitive toothed bird of the Jurassic period having a long feathered tail and hollow bones; usually considered the most primitive of all birds,"archaeopteryx, archaeopteryx lithographica, archeopteryx"
oewn-01505702-n,hyponym,oewn-01519250-n,sparrow-sized fossil bird of the Jurassic period to the Cretaceous period having a keeled breastbone and vestigial tail; found in China; considered possibly the second most primitive of all birds,sinornis
oewn-01505702-n,hyponym,oewn-01519677-n,sparrow-sized fossil bird of the Cretaceous period having a vestigial tail; found in Spain; considered possibly the third most primitive of all birds,ibero-mesornis
oewn-01505702-n,hyponym,oewn-01520030-n,extinct primitive toothed bird with a long feathered tail and three free clawed digits on each wing,archaeornis
oewn-01505702-n,hyponym,oewn-01520206-n,"flightless birds having flat breastbones lacking a keel for attachment of flight muscles: ostriches, cassowaries, emus, moas, rheas, kiwis, elephant birds","flightless bird, ratite, ratite bird"
oewn-01505702-n,hyponym,oewn-01520607-n,birds having keeled breastbones for attachment of flight muscles,"carinate, carinate bird, flying bird"
oewn-01505702-n,hyponym,oewn-01527000-n,perching birds mostly small and living near the ground with feet having 4 toes arranged to allow for gripping the perch; most are songbirds; hatchlings are helpless,"passeriform bird, passerine"
oewn-01505702-n,hyponym,oewn-01527402-n,chiefly arboreal birds especially of the order Coraciiformes,nonpasserine bird
oewn-01505702-n,hyponym,oewn-01606971-n,any of numerous carnivorous birds that hunt and kill other animals,"bird of prey, raptor, raptorial bird"
oewn-01505702-n,hyponym,oewn-01792027-n,heavy-bodied largely ground-feeding domestic or game birds,"gallinacean, gallinaceous bird"
oewn-01505702-n,hyponym,oewn-01819528-n,usually brightly colored zygodactyl tropical birds with short hooked beaks and the ability to mimic sounds,parrot
oewn-01505702-n,hyponym,oewn-01825243-n,birds having zygodactyl feet (except for the touracos),cuculiform bird
oewn-01505702-n,hyponym,oewn-01828571-n,chiefly short-legged arboreal nonpasserine birds that nest in holes,coraciiform bird
oewn-01505702-n,hyponym,oewn-01834353-n,nonpasserine bird having long wings and weak feet; spends much of its time in flight,apodiform bird
oewn-01505702-n,hyponym,oewn-01837559-n,long-winged nonpasserine birds,caprimulgiform bird
oewn-01505702-n,hyponym,oewn-01840679-n,any of numerous nonpasserine insectivorous climbing birds usually having strong bills for boring wood,piciform bird
oewn-01505702-n,hyponym,oewn-01846872-n,forest bird of warm regions of the New World having brilliant lustrous plumage and long tails,trogon
oewn-01505702-n,hyponym,oewn-01847558-n,wading and swimming and diving birds of either fresh or salt water,aquatic bird
oewn-01505702-n,hyponym,oewn-02514361-n,a bird that twitters,twitterer
oewn-01528454-v,hypernym,oewn-01716563-v,carry out or perform an action,"do, execute, perform"
oewn-01528454-v,hyponym,oewn-01528293-v,do double duty; serve two purposes or have two functions,double
oewn-01528454-v,hyponym,oewn-01528927-v,begin operating or running,roll
oewn-01528454-v,hyponym,oewn-01529078-v,"be operating, running or functioning",run
oewn-01528454-v,hyponym,oewn-01614027-v,function as a cutting instrument,cut
oewn-01528454-v,hyponym,oewn-02546948-v,be used by; as of a utility,"serve, service"
oewn-01528454-v,hyponym,oewn-02748107-v,have certain properties when driven,"drive, ride"
oewn-01529078-v,hypernym,oewn-01528454-v,perform as expected when applied,"function, go, operate, run, work"
oewn-01529078-v,hyponym,oewn-01529271-v,run disconnected or idle,"idle, tick over"
oewn-01531609-v,hypernym,oewn-01424276-v,put or introduce into something,"enter, infix, insert, introduce"
oewn-01531609-v,hyponym,oewn-01532279-v,plant in a pot,pot
oewn-01531609-v,hyponym,oewn-01532554-v,fit together or fit inside,nest
oewn-01531609-v,hyponym,oewn-01532886-v,embed deeply,"bury, sink"
oewn-01544013-v,hypernym,oewn-01854282-v,"cause to move or shift into a new position or place, both in a concrete and in an abstract sense","displace, move"
oewn-01544013-v,hyponym,oewn-01544249-v,mix or add by stirring,stir
oewn-01570056-v,hypernym,oewn-01496967-v,put into a certain place or abstract location,"lay, place, pose, position, put, set"
oewn-01570056-v,hyponym,oewn-01531982-v,plant by the roots,root
oewn-01570056-v,hyponym,oewn-01532080-v,dip into mud before planting,puddle
oewn-01570056-v,hyponym,oewn-01532195-v,plant in checkrows,checkrow
oewn-01570056-v,hyponym,oewn-01570434-v,place (plants) in a prepared bed of soil,bed
oewn-01570056-v,hyponym,oewn-01570535-v,plant with a wooden hand tool,dibble
oewn-01570056-v,hyponym,oewn-01570669-v,establish a forest on previously unforested land,"afforest, forest"
oewn-01570056-v,hyponym,oewn-01571270-v,plant again or anew,replant
oewn-01570056-v,hyponym,oewn-01619197-v,plant with trees,tree
oewn-01590626-v,hypernym,oewn-01589983-v,surround completely,"close in, enclose, inclose, shut in"
oewn-01627004-v,hypernym,oewn-01624592-v,create or manufacture a man-made product,"create, make, produce"
oewn-01627206-v,hypernym,oewn-01663142-v,"make something, usually for a specific function","forge, form, mold, mould, shape, work"
oewn-01632781-v,hypernym,oewn-01620211-v,make or cause to be or to become,"create, make"
oewn-01632781-v,hyponym,oewn-02726572-v,to bring something about at a later time than,follow
oewn-01645087-v,hypernym,oewn-01644397-v,put in effect,"accomplish, action, carry out, carry through, execute, fulfil, fulfill"
oewn-01650771-v,hypernym,oewn-01645456-v,take the lead or initiative in; participate in the development of,"initiate, pioneer"
oewn-01650771-v,hyponym,oewn-01651085-v,set or place definitely,fix
oewn-01650771-v,hyponym,oewn-02401347-v,create and charge with a task or function,"appoint, constitute, name, nominate"
oewn-01663142-v,hypernym,oewn-01656555-v,make from scratch,"create from raw material, create from raw stuff"
oewn-01663142-v,hyponym,oewn-01258721-v,form by carving,carve
oewn-01663142-v,hyponym,oewn-01258938-v,form metals with a swage,"swage, upset"
oewn-01663142-v,hyponym,oewn-01262855-v,form by chipping,chip
oewn-01663142-v,hyponym,oewn-01264677-v,make or form a layer,layer
oewn-01663142-v,hyponym,oewn-01557581-v,form and create by cutting out,cut out
oewn-01663142-v,hyponym,oewn-01627206-v,"turn, shape, mold, or otherwise finish by machinery",machine
oewn-01663142-v,hyponym,oewn-01627358-v,shape or form by grinding,grind
oewn-01663142-v,hyponym,oewn-01627605-v,"form or cut out with a mold, form, or die",stamp
oewn-01663142-v,hyponym,oewn-01627780-v,subject to puddling or form by puddling,puddle
oewn-01663142-v,hyponym,oewn-01627934-v,shape by beating,beat
oewn-01663142-v,hyponym,oewn-01663976-v,form or shape beforehand or determine the shape of beforehand,preform
oewn-01663142-v,hyponym,oewn-01664146-v,"form into a shape resembling the final, desired one",preform
oewn-01663142-v,hyponym,oewn-01664280-v,form into a rounded elevation,mound
oewn-01663142-v,hyponym,oewn-01664534-v,form into a hill,hill
oewn-01663142-v,hyponym,oewn-01664666-v,shape roughly,roughcast
oewn-01663142-v,hyponym,oewn-01664764-v,shape again or shape differently,"remold, reshape"
oewn-01663142-v,hyponym,oewn-01664990-v,cause (ores or powdery metals) to become a coherent mass by heating without melting,sinter
oewn-01663142-v,hyponym,oewn-01666666-v,"form by pouring (e.g., wax or hot metal) into a cast or mold","cast, mold, mould"
oewn-01663142-v,hyponym,oewn-01667338-v,make on a potter's wheel,throw
oewn-01663142-v,hyponym,oewn-01667475-v,make without a potter's wheel,"coil, hand-build, handbuild"
oewn-01663142-v,hyponym,oewn-01688232-v,create by shaping stone or wood or any other hard material,"sculpt, sculpture"
oewn-01663142-v,hyponym,oewn-01700922-v,"form in clay, wax, etc","model, mold, mould"
oewn-01672498-v,hypernym,oewn-00383306-v,"change or alter in form, appearance, or nature","transform, transmute, transubstantiate"
oewn-01672498-v,hyponym,oewn-01672853-v,"roll, press, forge, or shape (metal) while hot",hot-work
oewn-01672498-v,hyponym,oewn-01672965-v,shape (metal) without heat,"cold work, coldwork"
oewn-01672498-v,hyponym,oewn-01673069-v,use too much,overwork
oewn-01672498-v,hyponym,oewn-01673180-v,use again in altered form,"make over, retread, rework"
oewn-01672498-v,hyponym,oewn-01673314-v,work on a rack,rack
oewn-01672498-v,hyponym,oewn-01673442-v,work with a tool,tool
oewn-01672498-v,hyponym,oewn-01744489-v,"work land as by ploughing, harrowing, and manuring, in order to make it ready for cultivation",till
oewn-01679140-v,hypernym,oewn-01627934-v,shape by beating,beat
oewn-01679140-v,hyponym,oewn-01679417-v,hammer into thin flat foils,foliate
oewn-01679140-v,hyponym,oewn-01679562-v,forge with a dropforge,dropforge
oewn-01696338-v,hypernym,oewn-01694952-v,mark or trace words or symbols on a surface,write
oewn-01696474-v,hypernym,oewn-01751753-v,reproduce by printing,"impress, print"
oewn-01700922-v,hypernym,oewn-01663142-v,"make something, usually for a specific function","forge, form, mold, mould, shape, work"
oewn-01701301-v,hypernym,oewn-01690027-v,create an image or likeness of,"interpret, represent"
oewn-01721028-v,hypernym,oewn-00346415-v,take the first step or steps in carrying out an action,"begin, commence, get, get down, set about, set out, start, start out"
oewn-01726857-v,hypernym,oewn-01622373-v,produce or make another of,"re-create, recreate"
oewn-01745327-v,hypernym,oewn-00407168-v,"make ready or suitable or equip in advance for a particular purpose or for some use, event, etc","fix, gear up, prepare, ready, set, set up"
oewn-01745327-v,hyponym,oewn-01745573-v,to exhaust by excessive cultivation,"overcrop, overcultivate"
oewn-01747665-v,hypernym,oewn-01746767-v,reproduce someone's behavior or looks,"copy, imitate, simulate"
oewn-01747665-v,hyponym,oewn-01747963-v,"pattern, make, regulate, set, measure, or estimate according to some rate or standard",scale
oewn-01747665-v,hyponym,oewn-01748147-v,"model a country's social, political, and economic structure on the Soviet Union","sovietise, sovietize"
oewn-01749344-v,hypernym,oewn-01709988-v,adapt for performance in a different way,"arrange, set"
oewn-01750167-v,hypernym,oewn-00970243-v,cause to become widely known,"broadcast, circularise, circularize, circulate, diffuse, disperse, disseminate, distribute, pass around, propagate, spread"
oewn-01821541-v,hypernym,oewn-01810472-v,attract; cause to be enamored,"becharm, beguile, bewitch, captivate, capture, catch, charm, enamor, enamour, enchant, entrance, fascinate, trance"
oewn-01856435-v,hypernym,oewn-01854282-v,"cause to move or shift into a new position or place, both in a concrete and in an abstract sense","displace, move"
oewn-01868024-v,hypernym,oewn-01846997-v,make a trip for pleasure,"jaunt, travel, trip"
oewn-01896097-v,hypernym,oewn-01967949-v,move forward by leaps and bounds,"bound, jump, leap, spring"
oewn-01896097-v,hyponym,oewn-01374119-v,"spring back, as from a forceful thrust","kick, kick back, recoil"
oewn-01896097-v,hyponym,oewn-01896727-v,bound off one point after another,"bound off, skip"
oewn-01896097-v,hyponym,oewn-01896842-v,rebound after hitting,carom
oewn-01918940-v,hypernym,oewn-02054081-v,go across or through,pass
oewn-01930264-v,hypernym,oewn-02059573-v,move very fast,"hurry, speed, travel rapidly, zip"
oewn-01930264-v,hyponym,oewn-01905440-v,run at a moderately swift pace,"clip, jog, trot"
oewn-01930264-v,hyponym,oewn-01906398-v,to move about or proceed hurriedly,"scamper, scurry, scuttle, skitter"
oewn-01930264-v,hyponym,oewn-01930831-v,run easily and fairly fast,romp
oewn-01930264-v,hyponym,oewn-01931164-v,"run around the bases, in baseball",run bases
oewn-01930264-v,hyponym,oewn-01931283-v,run naked in a public place,streak
oewn-01930264-v,hyponym,oewn-01931400-v,run with the ball; in such sports as football,run
oewn-01930264-v,hyponym,oewn-01931561-v,run faster than,outrun
oewn-01930264-v,hyponym,oewn-01932343-v,run for exercise,jog
oewn-01930264-v,hyponym,oewn-01932532-v,"run very fast, usually for a short distance",sprint
oewn-01930264-v,hyponym,oewn-01932683-v,run easily,lope
oewn-01930264-v,hyponym,oewn-02063698-v,"run with the ball, in football",rush
oewn-01930264-v,hyponym,oewn-02089251-v,"run quickly, like a hare",hare
oewn-01930937-v,hypernym,oewn-01839438-v,"change location; move, travel, or proceed, also metaphorically","go, locomote, move, travel"
oewn-01931400-v,hypernym,oewn-01930264-v,"move fast by using one's feet, with one foot off the ground at any given time",run
oewn-01931700-v,hypernym,oewn-02029396-v,go or travel along with,accompany
oewn-01931856-v,hypernym,oewn-01949375-v,travel on water propelled by wind,sail
oewn-01940396-v,hypernym,oewn-01959843-v,be carried or travel on or in a vehicle,ride
oewn-01962311-v,hypernym,oewn-01974840-v,"move downward and lower, but not necessarily all the way","come down, descend, fall, go down"
oewn-01965341-v,hypernym,oewn-01964770-v,travel through water,swim
oewn-01967949-v,hypernym,oewn-01835473-v,"move so as to change position, perform a nontranslational motion",move
oewn-01967949-v,hyponym,oewn-01873458-v,jump straight up,pronk
oewn-01967949-v,hyponym,oewn-01896097-v,spring back; spring away from an impact,"bounce, bound, rebound, recoil, resile, reverberate, ricochet, spring, take a hop"
oewn-01967949-v,hyponym,oewn-01968641-v,"move suddenly, energetically, or violently",burst
oewn-01967949-v,hyponym,oewn-01968795-v,leap suddenly,bounce
oewn-01967949-v,hyponym,oewn-01968898-v,"perform a capriole, of horses in dressage",capriole
oewn-01967949-v,hyponym,oewn-01969005-v,move around heavily and clumsily,galumph
oewn-01967949-v,hyponym,oewn-01969338-v,jump on skis,ski jump
oewn-01967949-v,hyponym,oewn-01969471-v,"leap or skip, often in dancing",saltate
oewn-01967949-v,hyponym,oewn-01969813-v,bound vigorously,vault
oewn-01967949-v,hyponym,oewn-01969918-v,to vault,leapfrog
oewn-01967949-v,hyponym,oewn-01970175-v,jump across or leap over (an obstacle),"overleap, vault"
oewn-01967949-v,hyponym,oewn-01970359-v,"perform a leap where both hind legs come off the ground, of a horse",curvet
oewn-01967949-v,hyponym,oewn-01970868-v,jump lightly,"hop, hop-skip, skip"
oewn-01967949-v,hyponym,oewn-01971111-v,jump about playfully,caper
oewn-01967949-v,hyponym,oewn-02099066-v,make a jump forward or upward,hop
oewn-01982714-v,hypernym,oewn-01983915-v,reach or come to rest,"land, set down"
oewn-02005890-v,hypernym,oewn-02004900-v,follow in or as if in pursuit,"follow, pursue"
oewn-02005890-v,hyponym,oewn-01147629-v,chase an animal up a tree,tree
oewn-02005890-v,hyponym,oewn-02006623-v,search the trail of (game),quest
oewn-02005890-v,hyponym,oewn-02007615-v,pursue or chase relentlessly,"hound, hunt, trace"
oewn-02005890-v,hyponym,oewn-02008241-v,pursue until captured,run down
oewn-02043258-v,hypernym,oewn-02043389-v,cause to tilt,tip
oewn-02054955-v,hypernym,oewn-02054081-v,go across or through,pass
oewn-02054955-v,hyponym,oewn-01918290-v,"move as if by clawing, seizing, or digging",claw
oewn-02054955-v,hyponym,oewn-01918446-v,"make one's way by jostling, pushing, or shoving",jostle
oewn-02054955-v,hyponym,oewn-02057647-v,cut one's way through the woods or bush,bushwhack
oewn-02064720-v,hypernym,oewn-02064069-v,move outward,"diffuse, fan out, spread, spread out"
oewn-02064720-v,hyponym,oewn-02064887-v,"release color when rubbed, of badly dyed fabric",crock
oewn-02070867-v,hypernym,oewn-01835473-v,"move so as to change position, perform a nontranslational motion",move
oewn-02070867-v,hyponym,oewn-00456167-v,cause to flow through something,flush
oewn-02070867-v,hyponym,oewn-01518922-v,issue in a jet; come out in a jet; stream or spring forth,"gush, jet"
oewn-02070867-v,hyponym,oewn-01907749-v,rise or move forward,"surge, tide"
oewn-02070867-v,hyponym,oewn-02046294-v,"move through a space, circuit or system, returning to the starting point",circulate
oewn-02070867-v,hyponym,oewn-02051599-v,"flow in a circular current, of liquids","eddy, purl, swirl, whirl, whirlpool"
oewn-02070867-v,hyponym,oewn-02071817-v,run off as waste,"run off, waste"
oewn-02070867-v,hyponym,oewn-02072151-v,move downward,run down
oewn-02070867-v,hyponym,oewn-02073176-v,flow in a spurt,pour
oewn-02070867-v,hyponym,oewn-02073816-v,"flow, run or fall out and become lost","run out, spill"
oewn-02070867-v,hyponym,oewn-02074394-v,flow freely and abundantly,"stream, well out"
oewn-02070867-v,hyponym,oewn-02074802-v,"run or flow slowly, as in drops or in an unsteady stream","dribble, filter, trickle"
oewn-02070867-v,hyponym,oewn-02075385-v,flow off gradually,"drain, run out"
oewn-02070867-v,hyponym,oewn-02075902-v,pass gradually or leak through or as if through small openings,"ooze, seep"
oewn-02070867-v,hyponym,oewn-02089126-v,flow in small streams,gutter
oewn-02079296-v,hypernym,oewn-02013448-v,go away from a place,"go away, go forth, leave"
oewn-02079296-v,hyponym,oewn-02079709-v,run away quickly,"flee, fly, take flight"
oewn-02079296-v,hyponym,oewn-02080011-v,"run away, as if in a panic",skedaddle
oewn-02086723-n,hypernym,oewn-01320032-n,any of various animals that have been tamed and made fit for a human environment,"domestic animal, domesticated animal"
oewn-02086723-n,hypernym,oewn-02085998-n,any of various fissiped mammals with nonretractile claws and typically long muzzles,"canid, canine"
oewn-02086723-n,hyponym,oewn-01325095-n,a young dog,puppy
oewn-02086723-n,hyponym,oewn-02087384-n,informal terms for dogs,"barker, bow-wow, doggie, doggy, pooch"
oewn-02086723-n,hyponym,oewn-02087513-n,an inferior dog or one of mixed breed,"cur, mongrel, mutt"
oewn-02086723-n,hyponym,oewn-02087924-n,a dog small and tame enough to be held in the lap,lapdog
oewn-02086723-n,hyponym,oewn-02088026-n,any of several breeds of very small dogs kept purely as pets,"toy, toy dog"
oewn-02086723-n,hyponym,oewn-02089774-n,a dog used in hunting game,hunting dog
oewn-02086723-n,hyponym,oewn-02106058-n,any of several breeds of usually large powerful dogs bred to work as draft animals and guard and guide dogs,working dog
oewn-02086723-n,hyponym,oewn-02112993-n,a large breed having a smooth white coat with black or brown spots; originated in Dalmatia,"carriage dog, coach dog, dalmatian"
oewn-02086723-n,hyponym,oewn-02113458-n,small smooth-haired breed of African origin having a tightly curled tail and the inability to bark,basenji
oewn-02086723-n,hyponym,oewn-02113610-n,small compact smooth-coated breed of Asiatic origin having a tightly curled tail and broad flat wrinkled muzzle,"pug, pug-dog"
oewn-02086723-n,hyponym,oewn-02113781-n,a large dog (usually with a golden coat) produced by crossing a St Bernard and a Newfoundland,leonberg
oewn-02086723-n,hyponym,oewn-02113929-n,a breed of very large heavy dogs with a thick coarse usually black coat; highly intelligent dogs and vigorous swimmers; developed in Newfoundland,"newfoundland, newfoundland dog"
oewn-02086723-n,hyponym,oewn-02114152-n,bred of large heavy-coated white dogs resembling the Newfoundland,great pyrenees
oewn-02086723-n,hyponym,oewn-02114278-n,any of various stocky heavy-coated breeds of dogs native to northern regions having pointed muzzles and erect ears with a curled furry tail,spitz
oewn-02086723-n,hyponym,oewn-02115149-n,breed of various very small compact wiry-coated dogs of Belgian origin having a short bearded muzzle,"belgian griffon, brussels griffon, griffon"
oewn-02086723-n,hyponym,oewn-02115478-n,either of two Welsh breeds of long-bodied short-legged dogs with erect ears and a fox-like head,"corgi, welsh corgi"
oewn-02086723-n,hyponym,oewn-02115987-n,an intelligent dog with a heavy curly solid-colored coat that is usually clipped; an old breed sometimes trained as sporting dogs or as performing dogs,"poodle, poodle dog"
oewn-02086723-n,hyponym,oewn-02116630-n,any of an old breed of small nearly hairless dogs of Mexico,mexican hairless
oewn-02096576-v,hypernym,oewn-01854282-v,"cause to move or shift into a new position or place, both in a concrete and in an abstract sense","displace, move"
oewn-02104107-v,hypernym,oewn-01839438-v,"change location; move, travel, or proceed, also metaphorically","go, locomote, move, travel"
oewn-02110264-v,hypernym,oewn-02122959-v,notice or perceive,"mark, note, notice"
oewn-02121463-v,hypernym,oewn-02120601-v,stir feelings in,"excite, stimulate, stir"
oewn-02124272-n,hypernym,oewn-02123649-n,"any of various lithe-bodied roundheaded fissiped mammals, many with retractile claws","felid, feline"
oewn-02124272-n,hyponym,oewn-02124460-n,any domesticated member of the genus Felis,"domestic cat, felis catus, felis domesticus, house cat"
oewn-02124272-n,hyponym,oewn-02127275-n,any small or medium-sized cat resembling the domestic cat and living in the wild,wildcat
oewn-02130460-n,hypernym,oewn-02123649-n,"any of various lithe-bodied roundheaded fissiped mammals, many with retractile claws","felid, feline"
oewn-02130460-n,hyponym,oewn-02131037-n,large feline of African and Asian forests usually having a tawny coat with black spots,"leopard, panthera pardus"
oewn-02130460-n,hyponym,oewn-02131409-n,large feline of upland central Asia having long thick whitish fur,"ounce, panthera uncia, snow leopard"
oewn-02130460-n,hyponym,oewn-02131577-n,a large spotted feline of tropical America similar to the leopard; in some classifications considered a member of the genus Felis,"felis onca, jaguar, panther, panthera onca"
oewn-02130460-n,hyponym,oewn-02131817-n,large gregarious predatory feline of Africa and India having a tawny coat with a shaggy mane in the male,"king of beasts, lion, panthera leo"
oewn-02130460-n,hyponym,oewn-02132256-n,large feline of forests in most of Asia having a tawny coat with black stripes; endangered,"panthera tigris, tiger"
oewn-02130460-n,hyponym,oewn-02132643-n,offspring of a male lion and a female tiger,liger
oewn-02130460-n,hyponym,oewn-02132738-n,offspring of a male tiger and a female lion,"tiglon, tigon"
oewn-02130460-n,hyponym,oewn-02132960-n,long-legged spotted cat of Africa and southwestern Asia having nonretractile claws; the swiftest mammal; can be trained to run down game,"acinonyx jubatus, cheetah, chetah"
oewn-02130460-n,hyponym,oewn-02133197-n,any of many extinct cats of the Old and New Worlds having long swordlike upper canine teeth; from the Oligocene through the Pleistocene,"saber-toothed tiger, sabertooth"
oewn-02147099-v,hypernym,oewn-02144506-v,"to show, make visible or apparent","display, exhibit, expose"
oewn-02147248-v,hypernym,oewn-02144506-v,"to show, make visible or apparent","display, exhibit, expose"
oewn-02147248-v,hyponym,oewn-02147597-v,be rampant,ramp
oewn-02210101-n,hypernym,oewn-02162607-n,small air-breathing arthropod,insect
oewn-02210101-n,hyponym,oewn-02210299-n,a wingless sterile ant or termite having a large head and powerful jaws adapted for defending the colony,soldier
oewn-02210101-n,hyponym,oewn-02210457-n,sterile bee specialized to collect food and maintain the hive,worker bee
oewn-02234610-v,hypernym,oewn-02234332-v,be inherited by,"devolve, fall, pass, return"
oewn-02247038-v,hypernym,oewn-02265169-v,engage in the trade of,"merchandise, trade"
oewn-02276935-v,hypernym,oewn-02275982-v,make an investment,"commit, invest, place, put"
oewn-02276935-v,hyponym,oewn-02277218-v,try to raise the price of stocks through speculative buying,bull
oewn-02295310-v,hypernym,oewn-02295101-v,acquire or deserve by one's efforts or actions,"earn, garner, win"
oewn-02303121-v,hypernym,oewn-02265169-v,engage in the trade of,"merchandise, trade"
oewn-02303121-v,hyponym,oewn-02302370-v,make available for sale,offer
oewn-02303432-v,hypernym,oewn-02249738-v,do business; offer for sale as for one's livelihood,"deal, sell, trade"
oewn-02315835-v,hypernym,oewn-02204104-v,transfer possession of something concrete or abstract to somebody,give
oewn-02315835-v,hyponym,oewn-02316115-v,deposit once again,redeposit
oewn-02327806-v,hypernym,oewn-02328055-v,provide or furnish with a stock of something,stock
oewn-02331194-v,hypernym,oewn-02330964-v,do one's shopping,shop
oewn-02337623-v,hypernym,oewn-02332196-v,give something useful or necessary to,"furnish, offer, provide, render, supply"
oewn-02348052-v,hypernym,oewn-02415985-v,be employed,"do work, work"
oewn-02348248-v,hypernym,oewn-01098310-v,discharge one's duties,act
oewn-02348370-v,hypernym,oewn-02250547-v,conduct business,transact
oewn-02378106-v,hypernym,oewn-02377696-v,follow a procedure or take a course,"go, move, proceed"
oewn-02381180-v,hypernym,oewn-01092746-v,be engaged in a fight; carry on a fight,"contend, fight, struggle"
oewn-02381180-v,hyponym,oewn-02381380-v,mount or put up,"offer, provide, put up"
oewn-02392176-v,hypernym,oewn-02392628-v,give an education to,educate
oewn-02392176-v,hyponym,oewn-00301542-v,make fit or prepared,"dispose, qualify"
oewn-02393052-v,hypernym,oewn-02392628-v,give an education to,educate
oewn-02393052-v,hyponym,oewn-02393357-v,educate (one's children) at home instead of sending (them) to a school,home-school
oewn-02393545-v,hypernym,oewn-00474948-v,improve or perfect by pruning or polishing,"down, fine-tune, polish, refine"
oewn-02393545-v,hyponym,oewn-02393906-v,make less natural or innocent,sophisticate
oewn-02413117-v,hypernym,oewn-01161188-v,put into service; make work or employ for a particular purpose or for its inherent or natural purpose,"apply, employ, use, utilise, utilize"
oewn-02413117-v,hyponym,oewn-00100305-v,give a workout to,"exercise, work, work out"
oewn-02413117-v,hyponym,oewn-01722811-v,"control a function, process, or creation by a computer","computerise, computerize, cybernate"
oewn-02413117-v,hyponym,oewn-02413852-v,put on a rack and pinion,rack
oewn-02413117-v,hyponym,oewn-02414278-v,work excessively hard,"exploit, overwork"
oewn-02415985-v,hypernym,oewn-02376902-v,make a great effort at a mental or physical task,exert
oewn-02415985-v,hyponym,oewn-01097629-v,do duty or hold offices; serve in a specific function,serve
oewn-02415985-v,hyponym,oewn-02348052-v,be in the banking business,bank
oewn-02415985-v,hyponym,oewn-02399325-v,"assume, as of positions or roles","fill, occupy, take"
oewn-02415985-v,hyponym,oewn-02413411-v,work as a driver,drive
oewn-02415985-v,hyponym,oewn-02416659-v,work as a tinker or tinkerer,tinker
oewn-02415985-v,hyponym,oewn-02416751-v,do military service,serve
oewn-02415985-v,hyponym,oewn-02418069-v,take the place of work of someone on strike,"blackleg, fink, rat, scab"
oewn-02415985-v,hyponym,oewn-02424873-v,work hard,"dig, drudge, fag, grind, labor, labour, moil, toil, travail"
oewn-02415985-v,hyponym,oewn-02425332-v,be a farmer; work as a farmer,farm
oewn-02415985-v,hyponym,oewn-02425706-v,"work a second job, usually after hours",moonlight
oewn-02415985-v,hyponym,oewn-02425889-v,work occasionally,job
oewn-02415985-v,hyponym,oewn-02426091-v,take charge of a certain job; occupy a certain work place,man
oewn-02415985-v,hyponym,oewn-02426299-v,"work very hard, like a slave","break one's back, buckle down, knuckle down, slave"
oewn-02415985-v,hyponym,oewn-02450790-v,"work in a specific place, with a specific subject, or in a specific function","be, follow"
oewn-02415985-v,hyponym,oewn-02466306-v,work under a subcontract; engage in a subcontract,subcontract
oewn-02415985-v,hyponym,oewn-02469904-v,"have a customer, of a prostitute",turn a trick
oewn-02415985-v,hyponym,oewn-02582195-v,work independently and on temporary contracts rather than for a long-term employer,freelance
oewn-02418610-v,hypernym,oewn-02376902-v,make a great effort at a mental or physical task,exert
oewn-02418610-v,hyponym,oewn-01164263-v,apply thoroughly; think through,"go through, run through, work through"
oewn-02418610-v,hyponym,oewn-01475976-v,"do random, unplanned work or activities or spend time idly","mess around, monkey, monkey around, muck about, muck around, potter, putter, tinker"
oewn-02418610-v,hyponym,oewn-02413973-v,work as a carpenter,carpenter
oewn-02418610-v,hyponym,oewn-02416932-v,"work as a clerk, as in the legal business",clerk
oewn-02418610-v,hyponym,oewn-02417643-v,work as a page,page
oewn-02418610-v,hyponym,oewn-02418420-v,serve as a waiter or waitress in a restaurant,"wait, waitress"
oewn-02418610-v,hyponym,oewn-02419402-v,do one's share in a common task,pull one's weight
oewn-02418610-v,hyponym,oewn-02419603-v,work actively for a political candidate or a party,electioneer
oewn-02418610-v,hyponym,oewn-02419840-v,act as an assistant in a subordinate or supportive function,assist
oewn-02418610-v,hyponym,oewn-02420043-v,work hard on something,"beaver, beaver away"
oewn-02418610-v,hyponym,oewn-02420169-v,"to exert effort in order to do, make, or perform something","work at, work on"
oewn-02418610-v,hyponym,oewn-02420703-v,work doggedly or persistently,"keep one's nose to the grindstone, keep one's shoulder to the wheel, peg away, plug away, slog"
oewn-02418610-v,hyponym,oewn-02420961-v,keep busy with,"busy, occupy"
oewn-02418610-v,hyponym,oewn-02421408-v,work together on a common enterprise or project,"collaborate, cooperate, join forces"
oewn-02418610-v,hyponym,oewn-02429831-v,do volunteer work,volunteer
oewn-02418610-v,hyponym,oewn-02451029-v,devote oneself to a special area of work,"specialise, specialize"
oewn-02418610-v,hyponym,oewn-02451525-v,work as a minister,minister
oewn-02418610-v,hyponym,oewn-02451684-v,work as an intern,intern
oewn-02418610-v,hyponym,oewn-02451866-v,work as the skipper on a vessel,skipper
oewn-02418610-v,hyponym,oewn-02452112-v,"do useless, wasteful, or trivial work",boondoggle
oewn-02418610-v,hyponym,oewn-02522103-v,work hastily or carelessly; deal with inadequately and superficially,"scant, skimp"
oewn-02418610-v,hyponym,oewn-02586662-v,work as a prostitute,whore
oewn-02418610-v,hyponym,oewn-02599263-v,"devote (part of) one's life or efforts to, as of countries, institutions, or ideas",serve
oewn-02418610-v,hyponym,oewn-02600976-v,"operate in a certain place, area, or specialty",work
oewn-02425889-v,hypernym,oewn-02415985-v,be employed,"do work, work"
oewn-02427021-v,hypernym,oewn-02426474-v,grant freedom to; free from confinement,"free, liberate, loose, release, unloose, unloosen"
oewn-02441810-v,hypernym,oewn-02441196-v,"be in charge of, act on, or dispose of","care, deal, handle, manage"
oewn-02444885-v,hypernym,oewn-02445109-v,be in charge of,"head, lead"
oewn-02448714-v,hypernym,oewn-02444366-v,govern or manage,direct
oewn-02448714-v,hyponym,oewn-02422085-v,conduct financial operations,financier
oewn-02448714-v,hyponym,oewn-02449024-v,operate in or through,work
oewn-02448714-v,hyponym,oewn-02449162-v,run on a block system,block
oewn-02448714-v,hyponym,oewn-02449262-v,run until the normal working temperature is reached,warm up
oewn-02449024-v,hypernym,oewn-02448714-v,"direct or control; projects, businesses, etc.","operate, run"
oewn-02466486-v,hypernym,oewn-02414542-v,engage or hire for work,"employ, engage, hire"
oewn-02515254-v,hypernym,oewn-02516039-v,lessen the intensity of; temper; hold in restraint; hold or keep within limits,"check, contain, control, curb, hold, hold in, moderate"
oewn-02515254-v,hyponym,oewn-02515407-v,"train on a trellis, as of a vine",trellis
oewn-02530978-v,hypernym,oewn-02529837-v,attain success or reach a desired goal,"bring home the bacon, come through, deliver the goods, succeed, win"
oewn-02531113-v,hypernym,oewn-02529837-v,attain success or reach a desired goal,"bring home the bacon, come through, deliver the goods, succeed, win"
oewn-02531113-v,hyponym,oewn-02627934-v,act as a barrier between; stand between,"divide, separate"
oewn-02542223-v,hypernym,oewn-00137133-v,have an effect upon,"affect, bear on, bear upon, impact, touch, touch on"
oewn-02542223-v,hyponym,oewn-00682064-v,influence (somebody's) opinion in advance,"prejudice, prepossess"
oewn-02542223-v,hyponym,oewn-02435769-v,establish or impress firmly in the mind,"form, imprint"
oewn-02542223-v,hyponym,oewn-02435976-v,have force or influence; bring about an effect or change,militate
oewn-02542223-v,hyponym,oewn-02541995-v,influence or control shrewdly or deviously,"manipulate, pull strings, pull wires"
oewn-02542223-v,hyponym,oewn-02542758-v,modify or bias,"color, colour"
oewn-02542223-v,hyponym,oewn-02542904-v,influence decisively,"swing, swing over"
oewn-02542223-v,hyponym,oewn-02587158-v,exert pressure on someone through threats,"blackjack, blackmail, pressure"
oewn-02542223-v,hyponym,oewn-02592213-v,win approval or support for,"carry, persuade, sway"
oewn-02542223-v,hyponym,oewn-02592463-v,influence by corruption,get at
oewn-02542223-v,hyponym,oewn-02609306-v,influence an event or its outcome by illegal means,fix
oewn-02542223-v,hyponym,oewn-02653015-v,be in control,dominate
oewn-02559394-v,hypernym,oewn-00254647-v,cause to grow and differentiate in ways conforming to its natural development,"develop, make grow"
oewn-02559394-v,hyponym,oewn-01806052-v,practice self-denial of one's body and appetites,mortify
oewn-02569242-v,hypernym,oewn-02565990-v,ensure observance of laws and rules,"apply, enforce, implement"
oewn-02569242-v,hyponym,oewn-02569531-v,cause (a computer) to execute a single command,step
oewn-02578970-v,hypernym,oewn-02580591-v,engage in deceitful behavior; practice trickery or fraud,"cheat, chisel"
oewn-02600976-v,hypernym,oewn-02418610-v,exert oneself by doing mental or physical work for a purpose or out of necessity; work,work
oewn-02618269-v,hypernym,oewn-02618403-v,to be found to exist,occur
oewn-02629987-v,hypernym,oewn-02629610-v,come into existence,become
oewn-02629987-v,hyponym,oewn-00167632-v,be formed or shaped anew,regenerate
oewn-02648898-v,hypernym,oewn-02648041-v,"act later than planned, scheduled, or required",delay
oewn-02648898-v,hyponym,oewn-02483178-v,postpone indefinitely or annul something that was scheduled,"call off, cancel, scratch, scrub"
oewn-02648898-v,hyponym,oewn-02648694-v,postpone or delay needlessly,procrastinate
oewn-02648898-v,hyponym,oewn-02649505-v,"stop or postpone because of adverse conditions, such as bad weather",call
oewn-02648898-v,hyponym,oewn-02649658-v,stop dealing with,hold
oewn-02648898-v,hyponym,oewn-02649824-v,render temporarily ineffective,suspend
oewn-02648898-v,hyponym,oewn-02649956-v,put a convicted person on probation by suspending their sentence,probate
oewn-02648898-v,hyponym,oewn-02650119-v,"postpone the punishment of a convicted criminal, such as an execution","reprieve, respite"
oewn-02653599-v,hypernym,oewn-00118331-v,exist over a prolonged period of time,continue
oewn-02653599-v,hyponym,oewn-00350605-v,transfer or persist from one stage or sphere of activity to another,carry over
oewn-02653599-v,hyponym,oewn-02654020-v,have a long or continuing effect,reverberate
oewn-02654212-v,hypernym,oewn-02710788-v,persist for a specified period of time,"endure, last"
oewn-02663315-v,hypernym,oewn-02622439-v,be identical to; be someone or something,be
oewn-02663315-v,hyponym,oewn-02664128-v,"be consistent in form, tenor, or character; be congruous",consist
oewn-02663315-v,hyponym,oewn-02664525-v,accord in appearance with,look
oewn-02663315-v,hyponym,oewn-02664648-v,match or correspond,answer
oewn-02663315-v,hyponym,oewn-02664812-v,be the same,coincide
oewn-02663315-v,hyponym,oewn-02664945-v,be or come into adjustment with,align
oewn-02663315-v,hyponym,oewn-02665057-v,to bear a reciprocal or mutual relation,correlate
oewn-02663315-v,hyponym,oewn-02665300-v,be parallel to,parallel
oewn-02663315-v,hyponym,oewn-02665436-v,duplicate or match,"duplicate, parallel, twin"
oewn-02663315-v,hyponym,oewn-02665619-v,be compatible with,square
oewn-02663315-v,hyponym,oewn-02669057-v,"be similar, be in line with",conform
oewn-02663315-v,hyponym,oewn-02669418-v,support with evidence or authority or make more certain or confirm,"bear out, corroborate, support, underpin"
oewn-02663315-v,hyponym,oewn-02671359-v,appear like; be similar or bear a likeness to,resemble
oewn-02663315-v,hyponym,oewn-02675266-v,be greater in scope or size than some standard,"exceed, surpass, transcend"
oewn-02663315-v,hyponym,oewn-02705625-v,be homologous,homologize
oewn-02663315-v,hyponym,oewn-02705783-v,accord or comport with,"befit, beseem, suit"
oewn-02663315-v,hyponym,oewn-02705946-v,go together,"accord, agree, concord, consort, fit in, harmonise, harmonize"
oewn-02663315-v,hyponym,oewn-02713289-v,be applicable to; as to an analysis,"apply, lend oneself"
oewn-02663315-v,hyponym,oewn-02718118-v,form a pattern,pattern
oewn-02663315-v,hyponym,oewn-02724053-v,be compatible or in accordance with,adhere
oewn-02663315-v,hyponym,oewn-02742266-v,have certain characteristics of qualities for something; be open or vulnerable to,lend
oewn-02663315-v,hyponym,oewn-02756307-v,"be similar in sound, especially with respect to the last syllable","rhyme, rime"
oewn-02677976-v,hypernym,oewn-01074673-v,compete for something; engage in a contest; measure oneself against others,"compete, contend, vie"
oewn-02691775-v,hypernym,oewn-02661230-v,occupy a certain position or area; be somewhere,be
oewn-02691775-v,hyponym,oewn-02692647-v,extend or reach,come
oewn-02691775-v,hyponym,oewn-02692794-v,extend or spread outward from a center or focus or inward towards a center,"radiate, ray"
oewn-02691775-v,hyponym,oewn-02715780-v,extend in a different direction,diverge
oewn-02691775-v,hyponym,oewn-02739548-v,extend in importance or range,"go deep, go far"
oewn-02691775-v,hyponym,oewn-02744576-v,extend in curves and turns,"curve, twist, wind"
oewn-02691775-v,hyponym,oewn-02762433-v,run or pass below,underrun
oewn-02692467-v,hypernym,oewn-02056400-v,cause to pass,"make pass, pass"
oewn-02712903-n,hypernym,oewn-04366676-n,any device that bears the weight of another thing,support
oewn-02725274-v,hypernym,oewn-02622439-v,be identical to; be someone or something,be
oewn-02725274-v,hyponym,oewn-02725121-v,be willing or inclined to accept,take kindly to
oewn-02725274-v,hyponym,oewn-02725682-v,be given to,suffer
oewn-02725274-v,hyponym,oewn-02738023-v,move toward,gravitate
oewn-02726779-v,hypernym,oewn-02726906-v,make oneself subject to; bring upon oneself; become liable to,incur
oewn-02727159-v,hypernym,oewn-02622439-v,be identical to; be someone or something,be
oewn-02727159-v,hyponym,oewn-02747024-v,"have a range; be capable of projecting over a certain distance, as of a gun",range
oewn-02732914-v,hypernym,oewn-02622439-v,be identical to; be someone or something,be
oewn-02757146-v,hypernym,oewn-00010428-v,behave in a certain manner; show a certain behavior; conduct or comport oneself,"acquit, act, bear, behave, carry, comport, conduct, deport, do"
oewn-02765572-v,hypernym,oewn-02768426-v,cause to burn or combust,"burn, combust"
oewn-02765572-v,hyponym,oewn-01202519-v,begin to smoke,"fire up, light, light up"
oewn-02765572-v,hyponym,oewn-02766302-v,"ignite anew, as of something burning",reignite
oewn-02765572-v,hyponym,oewn-02767330-v,cause to start burning,"conflagrate, enkindle, inflame, kindle"
oewn-02765572-v,hyponym,oewn-02770080-v,ignite,light up
oewn-02765572-v,hyponym,oewn-02770203-v,"ignite quickly and suddenly, especially after having died down",flare up
oewn-02790795-n,hypernym,oewn-03182015-n,a facility where things can be deposited for storage or safekeeping,"deposit, depositary, depository, repository"
oewn-02961779-n,hypernym,oewn-03796768-n,a self-propelled wheeled vehicle that does not run on rails,"automotive vehicle, motor vehicle"
oewn-02961779-n,hyponym,oewn-02703861-n,a vehicle that takes people to and from hospitals,ambulance
oewn-02961779-n,hyponym,oewn-02817668-n,a car that has a long body and rear door with space behind rear seat,"beach waggon, beach wagon, estate car, station waggon, station wagon, waggon, wagon"
oewn-02961779-n,hyponym,oewn-02927938-n,a car that is old and unreliable,"bus, heap, jalopy"
oewn-02961779-n,hyponym,oewn-02934150-n,a car driven by a person whose job is to take passengers where they want to go in exchange for money,"cab, hack, taxi, taxicab"
oewn-02961779-n,hyponym,oewn-03083140-n,a small and economical car,"compact, compact car"
oewn-02961779-n,hyponym,oewn-03104891-n,a car that has top that can be folded or removed,convertible
oewn-02961779-n,hyponym,oewn-03124047-n,a car with two doors and front seats and a luggage compartment,coupe
oewn-02961779-n,hyponym,oewn-03145716-n,a car in which policemen cruise the streets; equipped with radiotelephonic communications to headquarters,"cruiser, patrol car, police car, police cruiser, prowl car, squad car"
oewn-02961779-n,hyponym,oewn-03273701-n,a car that is powered by electricity,"electric, electric automobile, electric car"
oewn-02961779-n,hyponym,oewn-03426579-n,a car with relatively low fuel efficiency,gas guzzler
oewn-02961779-n,hyponym,oewn-03498320-n,a car that resembles a convertible but has a fixed rigid top,hardtop
oewn-02961779-n,hyponym,oewn-03503925-n,a car having a hatchback door,hatchback
oewn-02961779-n,hyponym,oewn-03544283-n,an early term for an automobile,horseless carriage
oewn-02961779-n,hyponym,oewn-03548574-n,a car modified to increase its speed and acceleration,"hot rod, hot-rod"
oewn-02961779-n,hyponym,oewn-03600138-n,a car suitable for traveling over rough terrain,"jeep, landrover"
oewn-02961779-n,hyponym,oewn-03675534-n,large luxurious car; usually driven by a chauffeur,"limo, limousine"
oewn-02961779-n,hyponym,oewn-03685838-n,a car that is lent as a replacement for one that is under repair,loaner
oewn-02961779-n,hyponym,oewn-03775620-n,a car that is even smaller than a subcompact car,minicar
oewn-02961779-n,hyponym,oewn-03776212-n,a small box-shaped passenger van; usually has removable seats; used as a family car,minivan
oewn-02961779-n,hyponym,oewn-03783101-n,the first widely available automobile powered by a gasoline engine; mass-produced by Henry Ford from 1908 to 1927,model t
oewn-02961779-n,hyponym,oewn-03875783-n,a high-performance car that leads a parade of competing cars through the pace lap and then pulls off the course,pace car
oewn-02961779-n,hyponym,oewn-04043919-n,a fast car that competes in races,"race car, racer, racing car"
oewn-02961779-n,hyponym,oewn-04104467-n,an open automobile having a front seat and a rumble seat,"roadster, runabout, two-seater"
oewn-02961779-n,hyponym,oewn-04173342-n,a car that is closed and that has front and rear seats and two or four doors,"saloon, sedan"
oewn-02961779-n,hyponym,oewn-04292146-n,a small low car with a high-powered engine; usually seats two persons,"sport car, sports car"
oewn-02961779-n,hyponym,oewn-04293103-n,a high-performance four-wheel drive car built on a truck chassis,"s.u.v., sport utility, sport utility vehicle, suv"
oewn-02961779-n,hyponym,oewn-04310126-n,a steam-powered automobile,stanley steamer
oewn-02961779-n,hyponym,oewn-04330062-n,a car kept in dealers' stock for regular sales,stock car
oewn-02961779-n,hyponym,oewn-04354197-n,a car smaller than a compact car,"subcompact, subcompact car"
oewn-02961779-n,hyponym,oewn-04466357-n,large open car seating four with folding top,"phaeton, tourer, touring car"
oewn-02961779-n,hyponym,oewn-04523649-n,a car that has been previously owned; not a new car,"secondhand car, used-car"
oewn-02961779-n,hyponym,oewn-82558699-n,"a car which runs on two power sources, usually an internal combustion engine and an electronic motor","hybrid, hybrid car"
oewn-02986962-n,hypernym,oewn-04472087-n,a self-propelled vehicle that moves on tracks,tracked vehicle
oewn-02989061-n,hypernym,oewn-04585055-n,an instrument with a handle and a flexible lash that is used for whipping,whip
oewn-03005231-n,hypernym,oewn-04169042-n,furniture that is designed for sitting on,seat
oewn-03005231-n,hyponym,oewn-02741540-n,chair with a support on each side for arms,armchair
oewn-03005231-n,hyponym,oewn-02794147-n,a large fixed adjustable chair in which barbers seat their customers,barber chair
oewn-03005231-n,hyponym,oewn-03005814-n,a ceremonial chair for an exalted or powerful person,chair of state
oewn-03005231-n,hyponym,oewn-03006315-n,a long chair; for reclining,"chaise, chaise longue, daybed"
oewn-03005231-n,hyponym,oewn-03265552-n,a chair designed by Charles Eames; originally made of molded plywood; seat and back shaped to fit the human body,eames chair
oewn-03005231-n,hyponym,oewn-03340278-n,a fixed chair from which a saltwater angler can fight a hooked fish,fighting chair
oewn-03005231-n,hyponym,oewn-03381441-n,a chair that can be folded flat for storage,folding chair
oewn-03005231-n,hyponym,oewn-03523608-n,a chair for feeding a very young child; has four long legs and a footrest and a detachable tray,"feeding chair, highchair"
oewn-03005231-n,hyponym,oewn-03638020-n,a chair with a ladder-back,"ladder-back, ladder-back chair"
oewn-03005231-n,hyponym,oewn-03655000-n,chair left outside for use on a lawn or in a garden,"garden chair, lawn chair"
oewn-03005231-n,hyponym,oewn-04107063-n,a chair mounted on rockers,"rocker, rocking chair"
oewn-03005231-n,hyponym,oewn-04338415-n,a straight-backed chair without arms,"side chair, straight chair"
oewn-03005231-n,hyponym,oewn-04380791-n,a chair that swivels on its base,swivel chair
oewn-03005231-n,hyponym,oewn-04388537-n,a chair with an arm that has been widened for writing,tablet-armed chair
oewn-03005231-n,hyponym,oewn-04583288-n,a movable chair mounted on large wheels; for invalids or those who cannot walk; frequently propelled by the occupant,wheelchair
oewn-03005231-n,hyponym,oewn-92449562-n,A chair designed for patients in the dentist office.,dental chair
oewn-03005231-n,hyponym,oewn-92449602-n,"a chair of the 18th century used at game tables, having a padded top rail on which spectators could lean.",voyeuse
oewn-03005700-n,hypernym,oewn-04168419-n,any support where you can sit (especially the part of a chair or bench etc. on which you sit),seat
oewn-03086983-n,hypernym,oewn-03705309-n,any mechanical or electrical device that transmits or modifies energy to perform or assist in the performance of human tasks,machine
oewn-03086983-n,hyponym,oewn-02711083-n,"a computer that represents information by variable quantities (e.g., positions or voltages)","analog computer, analogue computer"
oewn-03086983-n,hyponym,oewn-03201008-n,a computer that represents information by numerical (binary) digits,digital computer
oewn-03086983-n,hyponym,oewn-03533703-n,a computer intended for use in the home,home computer
oewn-03086983-n,hyponym,oewn-03832647-n,(computer science) any computer that is hooked up to a computer network,"client, guest, node"
oewn-03086983-n,hyponym,oewn-03841102-n,a computer capable of performing a large number of mathematical operations per second,number cruncher
oewn-03086983-n,hyponym,oewn-03896211-n,computer that registers bets and divides the total amount bet among those who won,"pari-mutuel machine, totalisator, totaliser, totalizator, totalizer"
oewn-03086983-n,hyponym,oewn-04005225-n,a computer for controlling antiaircraft fire that computes the position of an aircraft at the instant of a shell's arrival,predictor
oewn-03086983-n,hyponym,oewn-04182208-n,(computer science) a computer that provides client stations with access to files and printers as shared resources to a computer network,"host, server"
oewn-03086983-n,hyponym,oewn-04506475-n,a hypothetical computer with an infinitely long memory tape,turing machine
oewn-03086983-n,hyponym,oewn-06370600-n,a computer connected to the internet that maintains a series of web pages on the World Wide Web; a computer connected to the internet that maintains a series of web pages on the World Wide Web,"internet site, site, web site, website"
oewn-03086983-n,hyponym,oewn-80957881-n,a portable computer with a touchscreen,"tablet, tablet computer"
oewn-03086983-n,hyponym,oewn-92461089-n,"a computation system that makes direct use of quantum-mechanical phenomena, such as superposition and entanglement, to perform operations on data.",quantum computer
oewn-03275941-n,hypernym,oewn-03580860-n,an instrument designed and used to take the life of a condemned person,instrument of execution
oewn-03436655-n,hypernym,oewn-04584257-n,mechanical device including an arrangement of wheel in a machine (especially a train of gears),wheelwork
oewn-03436655-n,hyponym,oewn-03297647-n,a system of epicyclic gears in which at least one wheel axis itself revolves about another fixed axis,"epicyclic gear train, epicyclic train"
oewn-03436655-n,hyponym,oewn-04073879-n,gearing that reduces an input speed to a slower output speed,reduction gear
oewn-03466317-n,hypernym,oewn-03727779-n,an area in a town where a public mercantile establishment is set up,"market, market place, marketplace, mart"
oewn-03466317-n,hyponym,oewn-03462628-n,a greengrocer's grocery store,greengrocery
oewn-03466317-n,hyponym,oewn-04365794-n,a large self-service grocery store selling groceries and dairy products and household goods,supermarket
oewn-03486255-n,hypernym,oewn-03494245-n,a tool used with workers' hands,hand tool
oewn-03486255-n,hyponym,oewn-02786058-n,a hammer with one round and one flat end; used in working metal,ball-peen hammer
oewn-03486255-n,hyponym,oewn-02901456-n,a hammer used in laying bricks,bricklayer's hammer
oewn-03486255-n,hyponym,oewn-02969997-n,a hammer with a cleft at one end for pulling nails,"carpenter's hammer, claw hammer, clawhammer"
oewn-03486255-n,hyponym,oewn-03720925-n,a tool resembling a hammer but with a large head (usually wooden); used to drive wedges or ram down paving stones or for crushing or beating or flattening or smoothing,"beetle, mallet"
oewn-03486255-n,hyponym,oewn-03737186-n,a heavy long-handled hammer used to drive stakes or wedges,"maul, sledge, sledgehammer"
oewn-03486255-n,hyponym,oewn-03973083-n,(medicine) a small hammer with a rubber head used in percussive examinations of the chest and in testing reflexes,"percussor, plessor, plexor"
oewn-03486255-n,hyponym,oewn-04390388-n,a light hammer that is used to drive tacks,tack hammer
oewn-03486604-n,hypernym,oewn-04003842-n,a tool driven by a motor,power tool
oewn-03486604-n,hyponym,oewn-02692293-n,a hammer driven by compressed air,"air hammer, jackhammer, pneumatic hammer"
oewn-03486604-n,hyponym,oewn-03277036-n,a hammer driven by electric motor,electric hammer
oewn-03486604-n,hyponym,oewn-04491903-n,a massive power hammer; raised by a cam until released to fall under gravity,triphammer
oewn-03486604-n,hyponym,oewn-92460211-n,A large pile driving device.,piling hammer
oewn-03486757-n,hypernym,oewn-04344878-n,the part of a mechanical device that strikes something,striker
oewn-03486907-n,hypernym,oewn-04344878-n,the part of a mechanical device that strikes something,striker
oewn-03487084-n,hypernym,oewn-04292284-n,equipment needed to participate in a particular sport,sports equipment
oewn-03604821-n,hypernym,oewn-04609402-n,a place where work is done,"work, workplace"
oewn-03604953-n,hypernym,oewn-04014270-n,an artifact that has been created by someone or some process,"product, production"
oewn-03614083-n,hypernym,oewn-04327264-n,a drug that temporarily quickens some vital process,"excitant, stimulant, stimulant drug"
oewn-03670692-n,hypernym,oewn-04270870-n,any device serving as a source of visible electromagnetic radiation,source of illumination
oewn-03670692-n,hyponym,oewn-02712622-n,a light in the rigging of a ship that is riding at anchor,"anchor light, riding lamp, riding light"
oewn-03670692-n,hyponym,oewn-02855432-n,a light that flashes on and off; used as a signal or to send messages,"blinker, flasher"
oewn-03670692-n,hyponym,oewn-03323239-n,a small colored light used for decoration (especially at Christmas),fairy light
oewn-03670692-n,hyponym,oewn-03370220-n,light that is a source of artificial illumination having a broad beam; used in photography,"flood, flood lamp, floodlight, photoflood"
oewn-03670692-n,hyponym,oewn-03509141-n,a powerful light with reflector; attached to the front of an automobile or locomotive,"headlamp, headlight"
oewn-03670692-n,hyponym,oewn-03550765-n,lights that illuminate the audience's part of a theater or other auditorium,houselights
oewn-03670692-n,hyponym,oewn-03595919-n,a light used as a lure in hunting or fishing at night,jacklight
oewn-03670692-n,hyponym,oewn-03818909-n,light on an airplane that indicates the plane's position and orientation; red light on the left (port) wing tip and green light on the right (starboard) wing tip,navigation light
oewn-03670692-n,hyponym,oewn-03830253-n,light (as a candle or small bulb) that burns in a bedroom at night (as for children or invalids),night-light
oewn-03670692-n,hyponym,oewn-03888558-n,a light to illuminate an instrument panel,panel light
oewn-03670692-n,hyponym,oewn-04114837-n,light that provides general illumination for a room,room light
oewn-03670692-n,hyponym,oewn-04155768-n,a candle or flaming torch secured in a sconce,sconce
oewn-03670692-n,hyponym,oewn-04167908-n,a light source with reflectors that projects a beam of light in a particular direction,searchlight
oewn-03670692-n,hyponym,oewn-04221716-n,light carried by a boat that indicates the boat's direction; vessels at night carry a red light on the port bow and a green light on the starboard bow,"running light, sidelight"
oewn-03670692-n,hyponym,oewn-04346957-n,light consisting of long tubes (instead of bulbs) that provide the illumination,strip lighting
oewn-03670692-n,hyponym,oewn-04425779-n,any of various lights used in a theater,theater light
oewn-03670692-n,hyponym,oewn-04463386-n,a light usually carried in the hand; consists of some flammable substance,torch
oewn-03670692-n,hyponym,oewn-90005661-n,A portable rod used for illumination.,lightstick
oewn-03671917-n,hypernym,oewn-03187746-n,an instrumentality invented for a particular purpose,device
oewn-03671917-n,hyponym,oewn-03035407-n,a lighter for cigars or cigarettes,"cigar lighter, cigarette lighter, pocket lighter"
oewn-03671917-n,hyponym,oewn-03412032-n,any igniter that is used to initiate the burning of a propellant,"fuse, fusee, fuze, fuzee, primer, priming"
oewn-03671917-n,hyponym,oewn-03733928-n,lighter consisting of a thin piece of wood or cardboard tipped with combustible chemical; ignites with friction,"friction match, lucifer, match"
oewn-03671917-n,hyponym,oewn-03734473-n,a burning piece of wood or cardboard,match
oewn-03671917-n,hyponym,oewn-92461659-n,a lighter invented in 1823 by the German chemist Johann Wolfgang Dobereiner based on the Furstenberger lighter.,dobereiner's lamp
oewn-03705309-n,hypernym,oewn-03187746-n,an instrumentality invented for a particular purpose,device
oewn-03705309-n,hyponym,oewn-02752795-n,a group of machine parts that fit together to form a self-contained unit,assembly
oewn-03705309-n,hyponym,oewn-02778364-n,a machine for putting objects or substances into bags,bagger
oewn-03705309-n,hyponym,oewn-02942270-n,a small machine that is used for mathematical calculations; can be mechanical or electronic,"calculating machine, calculator"
oewn-03705309-n,hyponym,oewn-02942982-n,a machine that smooths or glazes paper or cloth by pressing it between plates or passing it through rollers,calender
oewn-03705309-n,hyponym,oewn-02980517-n,an unattended machine (outside some banks) that dispenses money when a personal coded card is used,"atm, automated teller, automated teller machine, automatic teller, automatic teller machine, cash dispenser, cash machine"
oewn-03705309-n,hyponym,oewn-03079252-n,a machine that separates and straightens the fibers of cotton or wool,comber
oewn-03705309-n,hyponym,oewn-03086983-n,a machine for performing calculations automatically,"computer, computing device, computing machine, data processor, electronic computer, information processing system"
oewn-03705309-n,hyponym,oewn-03091491-n,a machine with a large revolving drum in which cement is mixed with other materials to make concrete,"cement mixer, concrete mixer"
oewn-03705309-n,hyponym,oewn-03113684-n,a machine that is used to put corks in bottles,corker
oewn-03705309-n,hyponym,oewn-03120176-n,a machine that separates the seeds from raw cotton fibers,"cotton gin, gin"
oewn-03705309-n,hyponym,oewn-03173729-n,a machine that converts a coded text into ordinary language,decoder
oewn-03705309-n,hyponym,oewn-03327885-n,a machine used in farming,farm machine
oewn-03705309-n,hyponym,oewn-03397595-n,a machine that automatically stamps letters or packages passing through it and computes the total charge,franking machine
oewn-03705309-n,hyponym,oewn-03540609-n,a machine used for picking hops,"hop-picker, hopper"
oewn-03705309-n,hyponym,oewn-03706974-n,machines or machine systems collectively,machinery
oewn-03705309-n,hyponym,oewn-03707787-n,a powered machine for cutting or shaping or finishing metals or other materials,machine tool
oewn-03705309-n,hyponym,oewn-03770530-n,machine consisting of a suction apparatus for milking cows mechanically,milking machine
oewn-03705309-n,hyponym,oewn-03795479-n,machine that converts other forms of energy into mechanical energy and so imparts motion,motor
oewn-03705309-n,hyponym,oewn-03907307-n,a machine for laying pavement,"paving machine, pavior, paviour"
oewn-03705309-n,hyponym,oewn-03924196-n,a machine that can continue to do work indefinitely without drawing energy from some external source; impossible under the law of conservation of energy,perpetual motion machine
oewn-03705309-n,hyponym,oewn-03942742-n,a machine that drives piling into the ground,pile driver
oewn-03705309-n,hyponym,oewn-04002774-n,a machine for excavating,"digger, excavator, power shovel, shovel"
oewn-03705309-n,hyponym,oewn-04003842-n,a tool driven by a motor,power tool
oewn-03705309-n,hyponym,oewn-04006350-n,any machine that exerts pressure to form or shape or cut materials or extract liquids or compress solids,"mechanical press, press"
oewn-03705309-n,hyponym,oewn-04006669-n,a machine used for printing,"press, printing press"
oewn-03705309-n,hyponym,oewn-04010851-n,a machine that prints,"printer, printing machine"
oewn-03705309-n,hyponym,oewn-04071513-n,machine in which rotating records cause a stylus to vibrate and the vibrations are amplified acoustically or electronically,"phonograph, record player"
oewn-03705309-n,hyponym,oewn-04102671-n,a machine for driving rivets,"riveter, riveting machine, rivetter"
oewn-03705309-n,hyponym,oewn-04176768-n,a machine that automatically provides a supply of some material,"feeder, self-feeder"
oewn-03705309-n,hyponym,oewn-04228890-n,a machine that simulates an environment for the purpose of training or research,simulator
oewn-03705309-n,hyponym,oewn-04244529-n,a machine for cutting; usually with a revolving blade,slicer
oewn-03705309-n,hyponym,oewn-04251069-n,a machine that is operated by the insertion of a coin in a slot,"coin machine, slot machine"
oewn-03705309-n,hyponym,oewn-04259763-n,a machine that removes snow by scooping it up and throwing it forcefully through a chute,"snow blower, snow thrower"
oewn-03705309-n,hyponym,oewn-04268226-n,a machine for sorting things (such as punched cards or letters) into classes,sorter
oewn-03705309-n,hyponym,oewn-04307218-n,machine consisting of a heavy bar that moves vertically for pounding or crushing ores,"pestle, stamp"
oewn-03705309-n,hyponym,oewn-04310495-n,a hand-held machine for driving staples home,"staple gun, staplegun, tacker"
oewn-03705309-n,hyponym,oewn-04310635-n,a machine that inserts staples into sheets of paper in order to fasten them together,"stapler, stapling machine"
oewn-03705309-n,hyponym,oewn-04424315-n,a machine for making textiles,textile machine
oewn-03705309-n,hyponym,oewn-04444927-n,a science fiction machine that is supposed to transport people or objects into the past or the future,time machine
oewn-03705309-n,hyponym,oewn-04491181-n,a machine that trims timber,trimmer
oewn-03705309-n,hyponym,oewn-04608649-n,machine that performs dependably under heavy use,workhorse
oewn-03705309-n,hyponym,oewn-04621296-n,the trademark for a machine that smooths the ice in an ice-skating rink,zamboni
oewn-03705309-n,hyponym,oewn-91000661-n,a machine of the size of close to one nanometre,nanomachine
oewn-03705309-n,hyponym,oewn-92448669-n,Any of a range of machines used for lamination.,"laminating machine, laminator"
oewn-03705309-n,hyponym,oewn-92459943-n,A machine used in the treatment of cancer with the use of gamma rays from cobalt-60 radioisotopes.,cobalt machine
oewn-03705309-n,hyponym,oewn-92460014-n,a machine that cuts raw dough into small portions and rolls each to obtain balls of the same weight and shape.,"bun divider, bun rounder"
oewn-03705309-n,hyponym,oewn-92460024-n,an industrial machine used for manufacturing bricks.,"brick machine, brick-making machine, brick-molding machine, brickmaking machine"
oewn-03705309-n,hyponym,oewn-92460111-n,A machine used in bookbinding.,book binding machine
oewn-03705309-n,hyponym,oewn-92460112-n,a machine that shapes sheet-metal by using two or four split dies which separate and close up to 2000 times a minute.,swaging machine
oewn-03705309-n,hyponym,oewn-92460264-n,"an electromechanical machine designed to assist in summarizing information and, later, accounting.","tabulating machine, tabulator"
oewn-03705309-n,hyponym,oewn-92460905-n,"a machine with a large, heated roller that irons and dries sheets, table linens, pillow cases etc.","flatwork ironer, roller ironer"
oewn-03705309-n,hyponym,oewn-92460912-n,a machine used for the production of lace.,lacemaking machine
oewn-03705309-n,hyponym,oewn-92461597-n,an automatic machine that makes the ticket valid by stamping it with the location information and the timestamp.,"ticket stamping machine, ticket-stamping machine"
oewn-03705309-n,hyponym,oewn-92461731-n,a machine used for aligning uneven stacks of paper.,paper jogger
oewn-03705309-n,hyponym,oewn-92461733-n,"a machine used for blanching, boiling or sterilizing of fruits and vegetables.",blanching machine
oewn-03705309-n,hyponym,oewn-92461734-n,a machine used for cleaning and improving the quality of grain going into storage or the market.,"grain cleaner, seed cleaner"
oewn-03705309-n,hyponym,oewn-92461762-n,"a meat chopping machine used for food processing, including mixing, particle reduction and emulsifying.","bowl chopper, bowl cutter"
oewn-03705309-n,hyponym,oewn-92461768-n,a machine used to typeset printed matter.,monotype caster
oewn-03705309-n,hyponym,oewn-92461830-n,"a machine used to scutch cotton, silk, or flax.","batting machine, scutching machine"
oewn-03705309-n,hyponym,oewn-92461865-n,a machine used by (industrial) bakeries that rolls out dough into a (consistent) dough sheet with a desired even dough thickness.,dough sheeter
oewn-03705309-n,hyponym,oewn-92461884-n,(mining) a machine for undercutting a coal seam.,coal cutter
oewn-03705309-n,hyponym,oewn-92461932-n,a machine that forms hollow plastic parts.,"blow molding machine, blow moulding machine, plastic blow molding machine, plastic blow moulding machine"
oewn-03705309-n,hyponym,oewn-92461969-n,a machine for wall rendering.,"plaster machine, plastering machine, rendering machine"
oewn-03705309-n,hyponym,oewn-92461979-n,"an engine-powered, walk-behind machine used for compaction of a wide variety of sand, gravel and granular base materials.","plate compactor, vibratory plate compactor"
oewn-03705309-n,hyponym,oewn-92462065-n,a machine for removing the woody portion of flax from the fibrous.,flax brake
oewn-03705309-n,hyponym,oewn-92462074-n,a machine for separating grain by kernel length.,"cylinder separator, indented cylinder, indented cylinder separator"
oewn-03705309-n,hyponym,oewn-92462344-n,a machine for making shaped cuts in the end or along the edge of a board.,"hauncher, haunching machine"
oewn-03705309-n,hyponym,oewn-92462386-n,"a machine for splitting natural stone including granite, marble, and sandstone.","stone splitter, stone splitting machine"
oewn-03705309-n,hyponym,oewn-92462408-n,a machine for removing limbs from trees with a saw or flailing chains.,"delimber, stroke delimber"
oewn-03705309-n,hyponym,oewn-92463071-n,a machine used to fry large quantities of doughnuts at once.,"donut fryer, donut machine, doughnut fryer, doughnut machine"
oewn-03705309-n,hyponym,oewn-92463227-n,"a machine that forms material (such as plastics, bottles, organics, etc.) into granules.","granulator, granulator machine"
oewn-03705309-n,hyponym,oewn-92463317-n,a machine used in the core shooting process for the production of sand cores.,"core shooter, core shooting machine"
oewn-03705309-n,hyponym,oewn-92463323-n,a machine that uses compressed air to blow and pack sand into a core box.,core blower
oewn-03706297-n,hypernym,oewn-03742461-n,mechanism consisting of a device that works on mechanical principles,mechanical device
oewn-03706297-n,hyponym,oewn-03571509-n,a simple machine for elevating objects; consists of plane surface that makes an acute angle with the horizontal,inclined plane
oewn-03706297-n,hyponym,oewn-03665135-n,a simple machine that gives a mechanical advantage when given a fulcrum,lever
oewn-03706297-n,hyponym,oewn-04026692-n,a simple machine consisting of a wheel with a groove in which a rope can run to change the direction or point of application of a force applied to the rope,"block, pulley, pulley block, pulley-block"
oewn-03706297-n,hyponym,oewn-04582285-n,a simple machine consisting of a circular frame with spokes (or a solid disc) that can rotate on a shaft or axle (as in vehicles or other machines),wheel
oewn-03721208-n,hypernym,oewn-03255550-n,a stick used for playing a drum,drumstick
oewn-03727779-n,hypernym,oewn-03753653-n,a place of business for retailing goods,"mercantile establishment, outlet, retail store, sales outlet"
oewn-03727779-n,hyponym,oewn-02687821-n,a place of assembly for the people in ancient Greece,"agora, public square"
oewn-03727779-n,hyponym,oewn-02816780-n,a street of small shops (especially in Orient),"bazaar, bazar"
oewn-03727779-n,hyponym,oewn-03466317-n,a marketplace where groceries are sold,"food market, grocery, grocery store, market"
oewn-03727779-n,hyponym,oewn-03853343-n,a public marketplace where food and merchandise is sold,"market square, open-air market, open-air marketplace"
oewn-03727779-n,hyponym,oewn-04242075-n,a marketplace where slaves were auctioned off (especially in the southern United States before the American Civil War),slave market
oewn-03727779-n,hyponym,oewn-08509471-n,the marketplace in ancient Greece,agora
oewn-03733928-n,hypernym,oewn-03671917-n,a device for lighting or igniting fuel or charges or fires,"igniter, ignitor, light, lighter"
oewn-03733928-n,hyponym,oewn-03412526-n,a friction match with a large head that will stay alight in the wind,"fusee, fuzee"
oewn-03733928-n,hyponym,oewn-03625939-n,a wooden friction match that will light on any granular surface; useful to light wood or gas stoves,kitchen match
oewn-03733928-n,hyponym,oewn-04134081-n,a paper match that strikes only on a specially prepared surface,"book matches, safety match"
oewn-03733928-n,hyponym,oewn-04251406-n,match or fuse made to burn slowly and evenly,slow match
oewn-03734302-n,hypernym,oewn-03262046-n,a copy that corresponds to an original exactly,"duplicate, duplication"
oewn-03734473-n,hypernym,oewn-03671917-n,a device for lighting or igniting fuel or charges or fires,"igniter, ignitor, light, lighter"
oewn-03782816-n,hypernym,oewn-04083958-n,a creation that is a visual or tangible rendering of someone or something,representation
oewn-03782816-n,hyponym,oewn-03340545-n,a model of a bodily form (especially of a person),figure
oewn-03782816-n,hyponym,oewn-03445436-n,a sphere on which a map (especially of the earth) is represented,globe
oewn-03782816-n,hyponym,oewn-03782530-n,full-scale working model of something built for study or testing or display,mock-up
oewn-03782816-n,hyponym,oewn-03962085-n,an apparatus or model for representing the solar systems,planetarium
oewn-03782816-n,hyponym,oewn-04070101-n,a model that represents the landscape of a former geological age or that represents and extinct animal etc.,restoration
oewn-03782816-n,hyponym,oewn-04120015-n,a rough preliminary model,roughcast
oewn-03846937-n,hypernym,oewn-03292089-n,final product; the things produced,"end product, output"
oewn-03846937-n,hyponym,oewn-06375185-n,(usually plural) the collected work of an author,writing
oewn-03847186-n,hypernym,oewn-03959296-n,"an establishment (a factory or an assembly plant or retail store or warehouse etc.) where business is conducted, goods are made or stored or processed or where services are rendered","business establishment, place of business"
oewn-03847186-n,hyponym,oewn-02889123-n,the office where tickets of admission are sold,"box office, ticket booth, ticket office"
oewn-03847186-n,hyponym,oewn-03123497-n,office used by the accountants of a business,countinghouse
oewn-03847186-n,hyponym,oewn-03454802-n,an office where government employees work,government office
oewn-03847186-n,hyponym,oewn-03509867-n,(usually plural) the office that serves as the administrative center of an enterprise,"central office, headquarters, home base, home office, main office"
oewn-03847186-n,hyponym,oewn-03668759-n,life assurance office,life office
oewn-03847186-n,hyponym,oewn-03685955-n,an office where loans are negotiated and repaid,loan office
oewn-03847186-n,hyponym,oewn-03828044-n,an office in which news is processed by a newspaper or news agency or television or radio station,newsroom
oewn-03847186-n,hyponym,oewn-04203720-n,the office of a shipping agent; an office where seamen are hired,shipping office
oewn-03907626-n,hypernym,oewn-02986245-n,a restraint that checks the motion of something,"catch, stop"
oewn-03930191-n,hypernym,oewn-04269788-n,a recording of acoustic signals,"audio, audio recording, sound recording"
oewn-03930191-n,hyponym,oewn-03699965-n,a long-playing phonograph record; designed to be played at 33.3 rpm,"l-p, lp"
oewn-03930191-n,hyponym,oewn-04185251-n,a shellac based phonograph record that played at 78 revolutions per minute,"78, seventy-eight"
oewn-03963198-n,hypernym,oewn-02918337-n,a whole structure (as a building) made up of interconnected or related structures,"building complex, complex"
oewn-03963198-n,hyponym,oewn-02881349-n,a plant where beverages are put into bottles with caps,bottling plant
oewn-03963198-n,hyponym,oewn-02900520-n,a plant where beer is brewed by fermentation,brewery
oewn-03963198-n,hyponym,oewn-03217532-n,a plant and works where alcoholic drinks are made by distillation,"distillery, still"
oewn-03963198-n,hyponym,oewn-03321351-n,a plant consisting of one or more buildings with facilities for manufacturing,"factory, manufactory, manufacturing plant, mill"
oewn-03963198-n,hyponym,oewn-03777802-n,a plant where money is coined by authority of the government,mint
oewn-03963198-n,hyponym,oewn-03877538-n,a plant where livestock are slaughtered and processed and packed as meat products,"packing plant, packinghouse"
oewn-03963198-n,hyponym,oewn-04073021-n,a plant for reprocessing used or abandoned materials,recycling plant
oewn-03963198-n,hyponym,oewn-04075553-n,an industrial plant for purifying a crude substance,refinery
oewn-03963198-n,hyponym,oewn-04138894-n,a plant where salt is produced commercially,saltworks
oewn-03963198-n,hyponym,oewn-04185729-n,a plant for disposing of sewage,"disposal plant, sewage disposal plant"
oewn-03963198-n,hyponym,oewn-04253284-n,an industrial plant for smelting,"smelter, smeltery"
oewn-03963198-n,hyponym,oewn-04599768-n,an establishment where wine is made,"wine maker, winery"
oewn-04146942-n,hypernym,oewn-03099154-n,any object that can be used to hold things (especially a large metal boxlike object of standardized dimensions that can be loaded from one form of transport to another),container
oewn-04146942-n,hyponym,oewn-03941611-n,a child's coin bank (often shaped like a pig),"penny bank, piggy bank"
oewn-04153115-n,hypernym,oewn-02916498-n,a structure that has a roof and walls and stands more or less permanently in one place,"building, edifice"
oewn-04153115-n,hyponym,oewn-03096770-n,a schoolhouse with special facilities for fine arts,"conservatoire, conservatory"
oewn-04153115-n,hyponym,oewn-03170282-n,a school building without boarding facilities,day school
oewn-04219349-n,hypernym,oewn-02775559-n,equipment for playing the game of badminton,badminton equipment
oewn-04295410-n,hypernym,oewn-03272883-n,any flexible device that will return to its original shape when stretched,elastic device
oewn-04295410-n,hyponym,oewn-02825534-n,(usually in the plural) one of the springs holding up the mattress of a bed,bedspring
oewn-04295410-n,hyponym,oewn-03070363-n,a spring in the shape of a coil,"coil spring, volute spring"
oewn-04295410-n,hyponym,oewn-03657715-n,long narrow spring consisting of several layers of metal springs bracketed together,leaf spring
oewn-04295410-n,hyponym,oewn-03717983-n,the most important spring in a mechanical device (especially a clock or watch); as it uncoils it drives the mechanism,mainspring
oewn-04295410-n,hyponym,oewn-04287397-n,a spring that is wound like a spiral,spiral spring
oewn-04386330-n,hypernym,oewn-03410635-n,furnishings that make a room or other area ready for occupancy,"article of furniture, furniture, piece of furniture"
oewn-04386330-n,hyponym,oewn-02702488-n,the table in Christian churches where communion is given,"altar, communion table, lord's table"
oewn-04386330-n,hyponym,oewn-02877456-n,a table (in a restaurant or bar) surrounded by two high-backed benches,booth
oewn-04386330-n,hyponym,oewn-02897599-n,a table where breakfast is eaten,breakfast table
oewn-04386330-n,hyponym,oewn-02967527-n,a small light table with folding legs; can be folded for storage,card table
oewn-04386330-n,hyponym,oewn-02967648-n,a table for playing cards (as in a casino),card table
oewn-04386330-n,hyponym,oewn-03067971-n,low table where magazines can be placed and coffee or cocktails are served,"cocktail table, coffee table"
oewn-04386330-n,hyponym,oewn-03094456-n,the table that conferees sit around as they hold a meeting,"conference table, council board, council table"
oewn-04386330-n,hyponym,oewn-03097339-n,a small table fixed to a wall or designed to stand against a wall,"console, console table"
oewn-04386330-n,hyponym,oewn-03121181-n,table consisting of a horizontal surface over which business is transacted,counter
oewn-04386330-n,hyponym,oewn-03184367-n,a piece of furniture with a writing surface and usually drawers or other compartments,desk
oewn-04386330-n,hyponym,oewn-03243289-n,low table with mirror or mirrors where one sits while dressing or applying makeup,"dresser, dressing table, toilet table, vanity"
oewn-04386330-n,hyponym,oewn-03251636-n,a table that has a drop-leaf to enlarge its surface,drop-leaf table
oewn-04386330-n,hyponym,oewn-03419586-n,a table used for gambling; may be equipped with a gameboard and slots for chips,gaming table
oewn-04386330-n,hyponym,oewn-03470358-n,a small round table,gueridon
oewn-04386330-n,hyponym,oewn-03626176-n,a table in the kitchen,kitchen table
oewn-04386330-n,hyponym,oewn-03856012-n,table on which the patient lies during a surgical operation,operating table
oewn-04386330-n,hyponym,oewn-03898425-n,a sturdy rectangular table with block legs at the four corners; the top and the legs are the same width,parsons table
oewn-04386330-n,hyponym,oewn-03910179-n,a table supported by a single central column,pedestal table
oewn-04386330-n,hyponym,oewn-03940841-n,a low table set below a pier glass,pier table
oewn-04386330-n,hyponym,oewn-03967924-n,work table of a machine tool,platen
oewn-04386330-n,hyponym,oewn-03988788-n,game equipment consisting of a heavy table on which pool is played,"billiard table, pool table, snooker table"
oewn-04386330-n,hyponym,oewn-04308138-n,a small table for holding articles of various kinds,stand
oewn-04386330-n,hyponym,oewn-04388674-n,a table used for playing table tennis,"ping-pong table, pingpong table, table-tennis table"
oewn-04386330-n,hyponym,oewn-04406086-n,a small table for serving afternoon tea,tea table
oewn-04386330-n,hyponym,oewn-04487268-n,a table supported on trestles,trestle table
oewn-04386330-n,hyponym,oewn-04611087-n,a table designed for a particular task,"work table, worktable"
oewn-04387051-n,hypernym,oewn-03410635-n,furnishings that make a room or other area ready for occupancy,"article of furniture, furniture, piece of furniture"
oewn-04387051-n,hyponym,oewn-03205892-n,a table at which meals are served,"board, dining table"
oewn-04475240-n,hypernym,oewn-04025495-n,conveyance for passengers or mail or freight,public transport
oewn-04475240-n,hyponym,oewn-02863069-n,a train taking passengers to or from a port,boat train
oewn-04475240-n,hyponym,oewn-02975038-n,a train that transports passengers and their automobiles,car train
oewn-04475240-n,hyponym,oewn-03399316-n,a railroad train consisting of freight cars,"freight train, rattler"
oewn-04475240-n,hyponym,oewn-03546573-n,a military train built to transport wounded troops to a hospital,hospital train
oewn-04475240-n,hyponym,oewn-03716583-n,a train that carries mail,mail train
oewn-04475240-n,hyponym,oewn-03901930-n,a train that carries passengers,passenger train
oewn-04475240-n,hyponym,oewn-04341642-n,a streamlined train,streamliner
oewn-04475240-n,hyponym,oewn-04356384-n,a train that runs in a subway system,subway train
oewn-04475711-n,hypernym,oewn-03938946-n,a separate part consisting of fabric,"piece of cloth, piece of material"
oewn-04606723-n,hypernym,oewn-04014270-n,an artifact that has been created by someone or some process,"product, production"
oewn-04606723-n,hyponym,oewn-03382428-n,a piece of work that exploits or builds on earlier work,"follow-up, followup"
oewn-04606723-n,hyponym,oewn-03490738-n,a work produced by hand labor,"handcraft, handicraft, handiwork, handwork"
oewn-04606723-n,hyponym,oewn-03591929-n,work made of iron (gratings or rails or railings etc.),ironwork
oewn-04606723-n,hyponym,oewn-03637001-n,work consisting of (or resembling) lace fabric,lacework
oewn-04606723-n,hyponym,oewn-03637213-n,a decorative work made of wood and covered with lacquer and often inlaid with ivory or precious metals,lacquerware
oewn-04606723-n,hyponym,oewn-03658702-n,work made of leather,leatherwork
oewn-04606723-n,hyponym,oewn-03733096-n,the most outstanding work of a creative artist or craftsman,"chef-d'oeuvre, masterpiece"
oewn-04606723-n,hyponym,oewn-03758012-n,the metal parts of something,metalwork
oewn-04606723-n,hyponym,oewn-03855199-n,ornamental work (such as embroidery or latticework) having a pattern of openings,openwork
oewn-04606723-n,hyponym,oewn-03985458-n,a piece of work composed of or decorated in many colors,polychrome
oewn-04606723-n,hyponym,oewn-04228653-n,decorative work made of silver,silverwork
oewn-04606723-n,hyponym,oewn-04589491-n,work made of interlaced slender branches (especially willow branches),"caning, wicker, wickerwork"
oewn-04606723-n,hyponym,oewn-04606119-n,work made of wood; especially moldings or stairways or furniture,woodwork
oewn-04606723-n,hyponym,oewn-04608945-n,a piece of work that is not yet finished,work in progress
oewn-04606723-n,hyponym,oewn-04609296-n,work consisting of a piece of metal being machined,workpiece
oewn-04606723-n,hyponym,oewn-06601855-n,a copy of a printed work offered for distribution,publication
oewn-04609402-n,hypernym,oewn-08596234-n,a point on the surface of the Earth,"geographic point, geographical point"
oewn-04609402-n,hyponym,oewn-02779636-n,a workplace where baked goods (breads and cakes and pastries) are produced or sold,"bakehouse, bakery, bakeshop"
oewn-04609402-n,hyponym,oewn-02826172-n,any workplace where people are very busy,beehive
oewn-04609402-n,hyponym,oewn-02908613-n,place where a broker conducts their business,"brokerage, brokerage house"
oewn-04609402-n,hyponym,oewn-02998465-n,a workplace that serves as a telecommunications facility where lines from telephones can be connected together to permit communication,"central, exchange, telephone exchange"
oewn-04609402-n,hyponym,oewn-03074400-n,a workplace consisting of a coal mine plus all the buildings and equipment connected with it,"colliery, pit"
oewn-04609402-n,hyponym,oewn-03133519-n,a workplace where dairy products (butter and cheese etc.) are produced or sold,creamery
oewn-04609402-n,hyponym,oewn-03245939-n,workplace that is the site of a drill hole,drill site
oewn-04609402-n,hyponym,oewn-03307432-n,a workplace for buying and selling; open only to members,exchange
oewn-04609402-n,hyponym,oewn-03327044-n,workplace consisting of farm buildings and cultivated land as a unit,farm
oewn-04609402-n,hyponym,oewn-03355726-n,a workplace where fish are caught and processed and sold,"fishery, piscary"
oewn-04609402-n,hyponym,oewn-03355882-n,a workplace (usually a pond) where fish are raised for food,fish farm
oewn-04609402-n,hyponym,oewn-03388492-n,a workplace where metal is worked by heating and hammering,"forge, smithy"
oewn-04609402-n,hyponym,oewn-03431994-n,the workplace where coal gas is manufactured,gasworks
oewn-04609402-n,hyponym,oewn-03444184-n,a workplace where glass is made,glassworks
oewn-04609402-n,hyponym,oewn-03592080-n,the workplace where iron is smelted or where iron goods are made,ironworks
oewn-04609402-n,hyponym,oewn-03604821-n,a workplace; as in the expression ‘on the job’,job
oewn-04609402-n,hyponym,oewn-03635277-n,a workplace for the conduct of scientific research,"lab, laboratory, research lab, research laboratory, science lab, science laboratory"
oewn-04609402-n,hyponym,oewn-03653380-n,workplace where clothes are washed and ironed,laundry
oewn-04609402-n,hyponym,oewn-03687515-n,a workplace away from a studio at which some or all of a movie may be made,location
oewn-04609402-n,hyponym,oewn-03702599-n,a workplace where lumber is stocked for sale,lumberyard
oewn-04609402-n,hyponym,oewn-03875654-n,a workplace where oysters are bred and grown,"oyster bank, oyster bed, oyster park"
oewn-04609402-n,hyponym,oewn-04022527-n,a workplace for testing new equipment or ideas,proving ground
oewn-04609402-n,hyponym,oewn-04116198-n,workplace consisting of a long narrow path or shed where rope is made,"rope yard, ropewalk"
oewn-04609402-n,hyponym,oewn-04121522-n,workplace consisting of a circular building for repairing locomotives,roundhouse
oewn-04609402-n,hyponym,oewn-04204278-n,a workplace where ships are built or repaired,shipyard
oewn-04609402-n,hyponym,oewn-04210557-n,workplace consisting of the part of a factory housing the machines,shop floor
oewn-04609402-n,hyponym,oewn-04351324-n,workplace for the teaching or practice of an art,studio
oewn-04609402-n,hyponym,oewn-04351622-n,workplace consisting of a room or building where movies or television shows or radio programs are produced and recorded,studio
oewn-04609402-n,hyponym,oewn-04397846-n,workplace where skins and hides are tanned,tannery
oewn-04609402-n,hyponym,oewn-04422213-n,a place equipped with instruments for testing (e.g. engines or machinery or computer programs etc.) under working conditions,test bed
oewn-04609402-n,hyponym,oewn-04571076-n,workplace where water is stored and purified and distributed for a community,waterworks
oewn-04609402-n,hyponym,oewn-04610439-n,small workplace where handcrafts or manufacturing are done,"shop, workshop"
oewn-04958550-n,hypernym,oewn-04957303-n,an attribute of vision,visual property
oewn-04958550-n,hyponym,oewn-04958893-n,an indication of radiant light drawn around the head of a saint,"aura, aureole, gloriole, glory, halo, nimbus"
oewn-04958550-n,hyponym,oewn-04959052-n,lightness created by sunlight,sunniness
oewn-04958550-n,hyponym,oewn-04959297-n,an area of lightness in a picture,"highlight, highlighting"
oewn-04958550-n,hyponym,oewn-04959419-n,the location of a visual perception along a continuum from black to white,brightness
oewn-04960557-n,hypernym,oewn-04640810-n,an energetic style,"verve, vitality"
oewn-04960557-n,hypernym,oewn-04687095-n,the feelings expressed on a person's face,"aspect, expression, face, facial expression, look"
oewn-04978580-n,hypernym,oewn-04978183-n,a light shade of red,pink
oewn-04978580-n,hyponym,oewn-04978714-n,a greyish-pink color,old rose
oewn-05025269-n,hypernym,oewn-05016354-n,any property used to characterize matter and energy and their interactions,physical property
oewn-05025269-n,hyponym,oewn-05025708-n,the luminous flux incident on a unit area,"illuminance, illumination"
oewn-05025269-n,hyponym,oewn-05025840-n,light from heat,incandescence
oewn-05025269-n,hyponym,oewn-05025951-n,light from nonthermal sources,"glow, luminescence"
oewn-05028317-n,hypernym,oewn-05027524-n,the tendency of a body to return to its original shape after it has been stretched or compressed,"elasticity, snap"
oewn-05052992-n,hypernym,oewn-05051973-n,a following of one thing after another in time,"chronological sequence, chronological succession, sequence, succession, successiveness"
oewn-05333491-n,hypernym,oewn-05285440-n,ossicles of the middle ear that transmit acoustic vibrations from the eardrum to the inner ear,auditory ossicle
oewn-05620489-n,hypernym,oewn-05619850-n,knowledge that is available to anyone,"general knowledge, public knowledge"
oewn-05644732-n,hypernym,oewn-05624029-n,possession of the qualities (especially mental qualities) required to do something or get something done,"ability, power"
oewn-05644732-n,hyponym,oewn-05644951-n,a natural skill,nose
oewn-05644732-n,hyponym,oewn-05645067-n,technical skill or fluency or style exhibited by a virtuoso,virtuosity
oewn-05645403-n,hypernym,oewn-05624029-n,possession of the qualities (especially mental qualities) required to do something or get something done,"ability, power"
oewn-05645403-n,hyponym,oewn-05645908-n,skill in an occupation or trade,"craft, craftsmanship, workmanship"
oewn-05645403-n,hyponym,oewn-05646219-n,skill in handling and riding horses,horsemanship
oewn-05645403-n,hyponym,oewn-05646331-n,the ability to read and write,literacy
oewn-05645403-n,hyponym,oewn-05646451-n,skill in shooting,marksmanship
oewn-05645403-n,hyponym,oewn-05646545-n,the skill of a master,mastership
oewn-05645403-n,hyponym,oewn-05646623-n,skill in preparing mixed drinks,mixology
oewn-05645403-n,hyponym,oewn-05647276-n,skill with numbers and mathematics,numeracy
oewn-05645403-n,hyponym,oewn-05647401-n,skill as an oarsman,oarsmanship
oewn-05645403-n,hyponym,oewn-05647496-n,skill in selling; skill in persuading people to buy,salesmanship
oewn-05645403-n,hyponym,oewn-05647677-n,skill in sailing,seamanship
oewn-05645403-n,hyponym,oewn-05647885-n,the ability to present something (especially theatrical shows) in an attractive manner,showmanship
oewn-05645403-n,hyponym,oewn-05648029-n,skills that are required for the life of soldier,"soldiering, soldiership"
oewn-05645403-n,hyponym,oewn-05648184-n,skill in fencing,swordsmanship
oewn-05658665-n,hypernym,oewn-05658174-n,one of the inherent cognitive or perceptual powers of the mind,"faculty, mental faculty, module"
oewn-05703985-n,hypernym,oewn-05703771-n,a person or thing having the same function or characteristics as another,"counterpart, opposite number, vis-a-vis"
oewn-05763880-n,hypernym,oewn-05760541-n,the cognitive process of acquiring skill or knowledge,"acquisition, learning"
oewn-05765533-n,hypernym,oewn-05761561-n,the gradual process of acquiring knowledge,education
oewn-05815941-n,hypernym,oewn-05815314-n,the clear (and often sudden) understanding of a complex situation,"brainstorm, brainwave, insight"
oewn-05816565-n,hypernym,oewn-05778661-n,cognitive processes that presuppose the availability of knowledge and put it to use,higher cognitive process
oewn-05816565-n,hyponym,oewn-05816802-n,the cognitive process of understanding a written linguistic message,reading
oewn-05854179-n,hypernym,oewn-05847533-n,a category of things distinguished by some common characteristic or quality,"form, kind, sort, variety"
oewn-05863377-n,hypernym,oewn-05862715-n,a concept or idea not associated with any specific instance,"abstract, abstraction"
oewn-05898856-n,hypernym,oewn-05897536-n,a tentative insight into the natural world; a concept that is not yet verified but that if true would explain certain facts or phenomena,"hypothesis, possibility, theory"
oewn-05898856-n,hyponym,oewn-05674544-n,(computer science) the technique of representing the real world by a computer program,"computer simulation, simulation"
oewn-05898856-n,hyponym,oewn-05898628-n,a theoretical sun that moves along the celestial equator at a constant speed and completes its annual course in the same amount of time the real sun takes at variable speeds,mean sun
oewn-05898856-n,hyponym,oewn-05899249-n,(astronomy) Copernicus' astronomical model in which the Earth rotates around the sun,copernican system
oewn-05898856-n,hyponym,oewn-05899416-n,(astronomy) Ptolemy's model of the universe with the Earth at the center,ptolemaic system
oewn-05898856-n,hyponym,oewn-05899570-n,(particle physics) a theory that involves an eleven-dimensional universe in which the weak and strong forces and gravity are unified and to which all the string theories belong,m-theory
oewn-05898856-n,hyponym,oewn-05899839-n,(particle physics) a theory that postulates that subatomic particles are one-dimensional strings,string theory
oewn-05898856-n,hyponym,oewn-13583099-n,a statistical process involving a number of random variables depending on a variable parameter (which is usually time),stochastic process
oewn-05914674-n,hypernym,oewn-05914396-n,an elaborate or deceitful scheme contrived to deceive or evade,"contrivance, dodge, stratagem"
oewn-05928460-n,hypernym,oewn-05842164-n,the content of cognition; the main thing you are thinking about,"idea, thought"
oewn-05928460-n,hyponym,oewn-05929245-n,"the meaning of a word, phrase, sentence, or text",semantics
oewn-05928460-n,hyponym,oewn-05929385-n,a meaning that is not expressly stated but can be inferred,"implication, import, significance"
oewn-05928460-n,hyponym,oewn-05931082-n,the general meaning or substance of an utterance,"strain, tenor"
oewn-05928460-n,hyponym,oewn-05931441-n,a subdued emotional quality underlying an utterance; implicit meaning,"undercurrent, undertone"
oewn-05928460-n,hyponym,oewn-05931581-n,the most direct or specific meaning of a word or expression; the class of objects that an expression refers to,"denotation, extension, reference"
oewn-05928460-n,hyponym,oewn-05931946-n,the relation between a word or phrase and the object or idea it refers to,reference
oewn-05928460-n,hyponym,oewn-05932198-n,an idea that is implied or suggested,connotation
oewn-05933998-n,hypernym,oewn-05932328-n,the idea of something that is perfect; something that one hopes to attain,ideal
oewn-05933998-n,hyponym,oewn-05934334-n,an outstanding example of its kind,"beaut, beauty"
oewn-05933998-n,hyponym,oewn-05947351-n,a leading instance in its field,"pacemaker, pacesetter"
oewn-05933998-n,hyponym,oewn-05947513-n,a model considered worthy of imitation,pattern
oewn-05933998-n,hyponym,oewn-05947962-n,an impressive or wonderful example of a particular quality,prodigy
oewn-05945830-n,hypernym,oewn-05935308-n,a presentation to the mind in the form of an idea or image,"internal representation, mental representation, representation"
oewn-05945830-n,hyponym,oewn-05946135-n,something that serves as a model or guide,"loadstar, lodestar"
oewn-05945830-n,hyponym,oewn-05946242-n,a standard or typical example,"epitome, image, paradigm, prototype"
oewn-05945830-n,hyponym,oewn-05946888-n,the original specimen from which the description of a new species is made,"holotype, type specimen"
oewn-05945830-n,hyponym,oewn-05947032-n,a miniature model of something,microcosm
oewn-05945830-n,hyponym,oewn-05947118-n,something that serves as a model or a basis for making copies,"archetype, original, pilot"
oewn-05945830-n,hyponym,oewn-05947694-n,a model or standard for making comparisons,"guide, template, templet"
oewn-05945830-n,hyponym,oewn-05947827-n,an example that prefigures or foreshadows what is to come,prefiguration
oewn-05945830-n,hyponym,oewn-92446334-n,"a mental framework based on shared ideas, attitudes and modes of behavior that span a society.",cultural model
oewn-06216934-n,hypernym,oewn-06216764-n,the respect with which a person is held,"estimate, estimation"
oewn-06220526-n,hypernym,oewn-06218486-n,a way of regarding situations or topics etc.,"perspective, position, view"
oewn-06293304-n,hypernym,oewn-00033319-n,something that is communicated by or to or between people or groups,communication
oewn-06293304-n,hyponym,oewn-06294112-n,the customary manner in which a language (or a form of a language) is spoken or written,usage
oewn-06293304-n,hyponym,oewn-06294300-n,a language that is no longer learned as a native language,dead language
oewn-06293304-n,hyponym,oewn-06294417-n,language that is spoken or written,words
oewn-06293304-n,hyponym,oewn-06294565-n,a language that is to be translated into another language,source language
oewn-06293304-n,hyponym,oewn-06294720-n,the language into which a text written in another language is to be translated,"object language, target language"
oewn-06293304-n,hyponym,oewn-06888747-n,language expressed by visible hand gestures,"sign language, signing"
oewn-06293304-n,hyponym,oewn-06907583-n,a language that is deliberately created for a specific purpose,artificial language
oewn-06293304-n,hyponym,oewn-06912932-n,a language that can be used to describe languages,metalanguage
oewn-06293304-n,hyponym,oewn-06916172-n,the language that a person has spoken from earliest childhood,native language
oewn-06293304-n,hyponym,oewn-06916295-n,a language that originated in a specified place and was not brought to that place from elsewhere,indigenous language
oewn-06293304-n,hyponym,oewn-06916748-n,the language of a later invading people that is imposed on an indigenous population and contributes features to their language,"superstrate, superstratum"
oewn-06293304-n,hyponym,oewn-06916947-n,a human written or spoken language used by a community; opposed to e.g. a computer language,"natural language, tongue"
oewn-06293304-n,hyponym,oewn-06918892-n,a common language used by speakers of different languages,"interlanguage, koine, lingua franca"
oewn-06293304-n,hyponym,oewn-07026850-n,a linear sequence of words as spoken or written,"linguistic string, string of words, word string"
oewn-06293304-n,hyponym,oewn-07097633-n,the rapid and continuous delivery of linguistic communication (spoken or written),"barrage, bombardment, onslaught, outpouring"
oewn-06293304-n,hyponym,oewn-07296228-n,language characterized by excessive use of slang or cant,slanguage
oewn-06293304-n,hyponym,oewn-86438461-n,a language that a person has acquired in adolescence or later,"l2, second language"
oewn-06293304-n,hyponym,oewn-92460658-n,a type of language that has an ergative case or in which the direct object of a transitive verb has the same form as the subject of an intransitive verb.,"ergative language, ergative-absolutive language"
oewn-06293304-n,hyponym,oewn-92461959-n,"an inflectional language, or one characterized by grammatical endings.",synthetic language
oewn-06293304-n,hyponym,oewn-92461960-n,a language in which words are made up of a linear sequence of distinct morphemes and each component of meaning is represented by its own morpheme.,agglutinative language
oewn-06293304-n,hyponym,oewn-92463144-n,language designed to persuade or influence others.,rhetorical language
oewn-06295743-n,hypernym,oewn-07026850-n,a linear sequence of words as spoken or written,"linguistic string, string of words, word string"
oewn-06295743-n,hyponym,oewn-06296088-n,a sentence having no coordinate clauses or subordinate clauses,simple sentence
oewn-06295743-n,hyponym,oewn-06296212-n,a sentence composed of at least one main clause and one subordinate clause,complex sentence
oewn-06295743-n,hyponym,oewn-06296753-n,a sentence composed of at least two coordinate independent clauses,compound sentence
oewn-06295743-n,hyponym,oewn-06613256-n,a sentence (in the indicative mood) that makes a declaration,"declarative sentence, declaratory sentence"
oewn-06295743-n,hyponym,oewn-06613406-n,an ungrammatical sentence in which two or more independent clauses are conjoined without a conjunction,run-on sentence
oewn-06295743-n,hyponym,oewn-06613570-n,a sentence that states the topic of its paragraph,topic sentence
oewn-06295743-n,hyponym,oewn-07211342-n,a sentence of inquiry that asks for a reply,"interrogation, interrogative, interrogative sentence, question"
oewn-06297048-n,hypernym,oewn-06294878-n,one of the natural units into which linguistic messages can be analyzed,"language unit, linguistic unit"
oewn-06297048-n,hyponym,oewn-06298291-n,a word or phrase spelled by rearranging the letters of another word or phrase,anagram
oewn-06297048-n,hyponym,oewn-06298530-n,a word (such as a pronoun) used to avoid repetition; the referent of an anaphor is determined by its antecedent,anaphor
oewn-06297048-n,hyponym,oewn-06298695-n,"a word that expresses a meaning opposed to the meaning of another word, in which case the two words are antonyms of each other","antonym, opposite, opposite word"
oewn-06297048-n,hyponym,oewn-06299021-n,a word that strongly resembles another word in spelling,paronym
oewn-06297048-n,hyponym,oewn-06299130-n,a word invented (usually unwittingly by subtracting an affix) on the assumption that a familiar word derives from it,back-formation
oewn-06297048-n,hyponym,oewn-06299727-n,a word acted out in an episode of the game of charades,charade
oewn-06297048-n,hyponym,oewn-06299854-n,a word is cognate with another if both derive from the same word in an ancestral language,"cognate, cognate word"
oewn-06297048-n,hyponym,oewn-06300030-n,a word to which an independent meaning can be assigned,"content word, open-class word"
oewn-06297048-n,hyponym,oewn-06300252-n,a word formed from two or more words by omitting or combining some sounds,contraction
oewn-06297048-n,hyponym,oewn-06300473-n,a word specifying identity or spatial or temporal location from the perspective of a speaker or hearer in the context in which the communication occurs,"deictic, deictic word"
oewn-06297048-n,hyponym,oewn-06300831-n,(linguistics) a word that is derived from another word,derivative
oewn-06297048-n,hyponym,oewn-06301026-n,a word that is formed with a suffix (such as ‘-let’ or ‘-kin’) to indicate smallness,diminutive
oewn-06297048-n,hyponym,oewn-06301181-n,a word that is considered to be unmentionable,dirty word
oewn-06297048-n,hyponym,oewn-06301319-n,a word having two syllables,"dissyllable, disyllable"
oewn-06297048-n,hyponym,oewn-06301417-n,the phonological or orthographic sound or appearance of a word that can be used to describe or identify something,"descriptor, form, signifier, word form"
oewn-06297048-n,hyponym,oewn-06301902-n,any of several short English words (often having 4 letters) generally regarded as obscene or offensive,"four-letter anglo-saxon word, four-letter word"
oewn-06297048-n,hyponym,oewn-06302098-n,a word that is uninflected and serves a grammatical function but has little identifiable meaning,"closed-class word, function word"
oewn-06297048-n,hyponym,oewn-06302383-n,a word printed at the top of the page of a dictionary or other reference book to indicate the first or last item on that page,"catchword, guide word, guideword"
oewn-06297048-n,hyponym,oewn-06302589-n,(grammar) the word in a grammatical constituent that plays the same grammatical role as the whole constituent,"head, head word"
oewn-06297048-n,hyponym,oewn-06302780-n,a word placed at the beginning of a line or paragraph (as in a dictionary entry),headword
oewn-06297048-n,hyponym,oewn-06303070-n,two words are heteronyms if they are spelled the same way but differ in pronunciation,heteronym
oewn-06297048-n,hyponym,oewn-06303258-n,a word that names the whole of which a given word is a part,"holonym, whole name"
oewn-06297048-n,hyponym,oewn-06303429-n,two words are homonyms if they are pronounced and spelled the same way but have different meanings,homonym
oewn-06297048-n,hyponym,oewn-06303617-n,a word that is more generic than a given word,"hypernym, superordinate, superordinate word"
oewn-06297048-n,hyponym,oewn-06303754-n,a word that is more specific than a given word,"hyponym, subordinate, subordinate word"
oewn-06297048-n,hyponym,oewn-06303887-n,a significant word used in indexing or cataloging,key word
oewn-06297048-n,hyponym,oewn-06304010-n,"a word that is composed of parts from different languages (e.g., ‘monolingual’ has a Greek prefix and a Latin root)","hybrid, loan-blend, loanblend"
oewn-06297048-n,hyponym,oewn-06304241-n,a word borrowed from another language; e.g. ‘blitz’ is a German word borrowed into modern English,"loan, loanword"
oewn-06297048-n,hyponym,oewn-06304527-n,a word that names a part of a larger whole,"meronym, part name"
oewn-06297048-n,hyponym,oewn-06304679-n,a word that denotes one thing but refers to a related thing,metonym
oewn-06297048-n,hyponym,oewn-06305090-n,a word or utterance of one syllable,"monosyllabic word, monosyllable"
oewn-06297048-n,hyponym,oewn-06305222-n,a newly invented word or phrase,"coinage, neologism, neology"
oewn-06297048-n,hyponym,oewn-06305365-n,a word with a special meaning used for a special occasion,"hapax legomenon, nonce word"
oewn-06297048-n,hyponym,oewn-06305497-n,word having stress or an acute accent on the last syllable,oxytone
oewn-06297048-n,hyponym,oewn-06305609-n,a word or phrase that reads the same backward as forward,palindrome
oewn-06297048-n,hyponym,oewn-06305722-n,a word serving as the basis for inflected or derived forms,primitive
oewn-06297048-n,hyponym,oewn-06312662-n,word having stress or acute accent on the next to last syllable,paroxytone
oewn-06297048-n,hyponym,oewn-06312782-n,word (such a ‘some’ or ‘less’) that is used to indicate a part as distinct from a whole,partitive
oewn-06297048-n,hyponym,oewn-06312943-n,a word having more than one meaning,"polysemant, polysemantic word, polysemous word"
oewn-06297048-n,hyponym,oewn-06313073-n,a word of more than three syllables,"polysyllabic word, polysyllable"
oewn-06297048-n,hyponym,oewn-06313259-n,word having stress or acute accent on the antepenult,proparoxytone
oewn-06297048-n,hyponym,oewn-06313371-n,(grammar) a word that expresses a quantity (as ‘fifteen’ or ‘many’),quantifier
oewn-06297048-n,hyponym,oewn-06313532-n,(logic) a word (such as ‘some’ or ‘all’ or ‘no’) that binds the variables in a logical proposition,"logical quantifier, quantifier"
oewn-06297048-n,hyponym,oewn-06314140-n,a word formed by or containing a repeated syllable or speech sound (usually at the beginning of the word),reduplication
oewn-06297048-n,hyponym,oewn-06314305-n,a word introduced because an existing term has become inadequate,retronym
oewn-06297048-n,hyponym,oewn-06314530-n,any word or group of words functioning as a noun,substantive
oewn-06297048-n,hyponym,oewn-06314672-n,two words that can be interchanged in a context are said to be synonymous relative to that context,"equivalent word, synonym"
oewn-06297048-n,hyponym,oewn-06314878-n,a word or expression used for some particular thing,term
oewn-06297048-n,hyponym,oewn-06315049-n,a system of words used to name things in a particular discipline,"language, nomenclature, terminology"
oewn-06297048-n,hyponym,oewn-06315328-n,a word having three syllables,trisyllable
oewn-06297048-n,hyponym,oewn-06315415-n,a word that denotes a manner of doing something,"manner name, troponym"
oewn-06297048-n,hyponym,oewn-06315566-n,a word that is spoken aloud,"spoken word, vocable"
oewn-06297048-n,hyponym,oewn-06319426-n,a word or morpheme used in some languages in certain contexts (such as counting) to indicate the semantic class to which the counted item belongs,classifier
oewn-06297048-n,hyponym,oewn-06371721-n,the written form of a word,written word
oewn-06297048-n,hyponym,oewn-06765409-n,a syncategorematic expression; a word that cannot be used alone as a term in a logical proposition,"syncategorem, syncategoreme"
oewn-06297048-n,hyponym,oewn-92462887-n,"a poetic phrase, utterance, etc.",poeticism
oewn-06315049-n,hypernym,oewn-06297048-n,a unit of language that native speakers can identify,word
oewn-06315049-n,hyponym,oewn-06800692-n,a set of symbols and rules for their use when doing a markup of a document,markup language
oewn-06315049-n,hyponym,oewn-06801320-n,the nomenclature of regional anatomy,"toponomy, toponymy"
oewn-06421395-n,hypernym,oewn-06421205-n,an analytic or interpretive literary composition,essay
oewn-06421395-n,hyponym,oewn-06421580-n,a composition intended to indicate a student's progress during a school term,term paper
oewn-06443410-n,hypernym,oewn-06441260-n,writing that is venerated for the worship of a deity,"religious text, religious writing, sacred text, sacred writing"
oewn-06443410-n,hyponym,oewn-06459953-n,a large Bible with pages to record marriages and births,family bible
oewn-06502164-n,hypernym,oewn-06492991-n,a database containing an ordered array of items (names or topics),"list, listing"
oewn-06584658-n,hypernym,oewn-06582286-n,a program that gives a computer instructions that provide the user with tools to accomplish a task,"application, application program, applications programme"
oewn-06613680-n,hypernym,oewn-06611268-n,content communicating a message; what something is about,"content, message, subject matter, substance"
oewn-06613680-n,hyponym,oewn-06614326-n,the meaning of a content word that depends on the nonlinguistic concepts it is used to express,lexical meaning
oewn-06613680-n,hyponym,oewn-06614501-n,the meaning of a word that depends on its role in a sentence; varies with inflectional form,grammatical meaning
oewn-06613680-n,hyponym,oewn-06614677-n,the use of symbols to convey meaning,"symbolisation, symbolization"
oewn-06613680-n,hyponym,oewn-06614825-n,the meaning of a word or expression; the way in which a word or expression or situation can be interpreted,"sense, signified"
oewn-06613680-n,hyponym,oewn-06615288-n,what you must know in order to determine the reference of an expression,"connotation, intension"
oewn-06613680-n,hyponym,oewn-06615847-n,something referred to; the object of a reference,referent
oewn-06613680-n,hyponym,oewn-06616419-n,the central meaning or theme of a speech or literary work,"burden, core, effect, essence, gist"
oewn-06613680-n,hyponym,oewn-06618250-n,the intended meaning of a communication,"intent, purport, spirit"
oewn-06613680-n,hyponym,oewn-06618397-n,the significance of a story or event,"lesson, moral"
oewn-06613680-n,hyponym,oewn-06618544-n,a subtle difference in meaning or opinion or attitude,"nicety, nuance, refinement, shade, subtlety"
oewn-06613680-n,hyponym,oewn-06618817-n,(usually plural) an ulterior implicit meaning or quality,overtone
oewn-06613680-n,hyponym,oewn-06619161-n,a brief version of the essential meaning of something,point
oewn-06636668-n,hypernym,oewn-03222161-n,anything serving as a representation of a person's thinking by means of symbolic marks,document
oewn-06636668-n,hypernym,oewn-06399623-n,the words of something written,"text, textual matter"
oewn-06636668-n,hyponym,oewn-06637231-n,a letter dealing with business,business letter
oewn-06636668-n,hyponym,oewn-06637323-n,a letter sent along with other documents to provide additional information,"cover letter, covering letter"
oewn-06636668-n,hyponym,oewn-06637474-n,a hostile (usually anonymous) letter,crank letter
oewn-06636668-n,hyponym,oewn-06637569-n,a letter from the pope sent to all Roman Catholic bishops throughout the world,"encyclical, encyclical letter"
oewn-06636668-n,hyponym,oewn-06637724-n,a letter that is a piece of fan mail,fan letter
oewn-06636668-n,hyponym,oewn-06637836-n,a letter dealing with personal affairs,personal letter
oewn-06636668-n,hyponym,oewn-06637972-n,a letter that is printed in multiple copies and mailed to a list of recipients,form letter
oewn-06636668-n,hyponym,oewn-06638108-n,a letter of protest; addressed to one person but intended for the general public,open letter
oewn-06636668-n,hyponym,oewn-06638246-n,a letter that is sent successively to several people,chain letter
oewn-06636668-n,hyponym,oewn-06638357-n,a letter from a pastor to the congregation,pastoral
oewn-06636668-n,hyponym,oewn-06638472-n,a letter signed by a number of people,round robin
oewn-06636668-n,hyponym,oewn-06638567-n,a letter sent by air mail,"aerogram, aerogramme, air letter, airmail letter"
oewn-06636668-n,hyponym,oewn-06638690-n,"a specially long, formal letter",epistle
oewn-06636668-n,hyponym,oewn-06639250-n,mail that can neither be delivered nor returned,"dead letter, dead mail"
oewn-06636668-n,hyponym,oewn-06639367-n,any letter expressing an intention to take (or forgo) some action,letter of intent
oewn-06636668-n,hyponym,oewn-07200808-n,a request (spoken or written) to participate or be present or take part in something,invitation
oewn-06636668-n,hyponym,oewn-92459480-n,an official letter in which one's achievements are recognized and honored.,"congratulations letter, congratulatory letter"
oewn-06649049-n,hypernym,oewn-06648784-n,a statement or assertion of verified information about something that is the case or has happened,fact
oewn-06649049-n,hyponym,oewn-06516040-n,a book in which the log is written,logbook
oewn-06649049-n,hyponym,oewn-06519583-n,(sports) a record of win versus losses,won-lost record
oewn-06649049-n,hyponym,oewn-06519932-n,(golf) a record of scores (as in golf),"card, scorecard"
oewn-06654787-n,hypernym,oewn-06646883-n,a message received and understood,"info, information"
oewn-06654787-n,hyponym,oewn-06655751-n,good news,good word
oewn-06654787-n,hyponym,oewn-06655816-n,the most recent news or development,latest
oewn-06659969-n,hypernym,oewn-06656171-n,an indication that makes something evident,evidence
oewn-06659969-n,hyponym,oewn-06514369-n,a written document preserving knowledge of facts or events,"written account, written record"
oewn-06659969-n,hyponym,oewn-06517696-n,a record of things worth remembering,memorabilia
oewn-06659969-n,hyponym,oewn-06519806-n,the part of a check that is retained as a record,"check stub, counterfoil, stub"
oewn-06659969-n,hyponym,oewn-06520807-n,a set of related records (either written or electronic) kept together,"data file, file"
oewn-06659969-n,hyponym,oewn-06526084-n,a record or narrative description of past events,"account, chronicle, history, story"
oewn-06659969-n,hyponym,oewn-06688544-n,records kept of activities involved in carrying out a project,working papers
oewn-06659969-n,hyponym,oewn-92461402-n,"any information, minutes, files, accounts or other records which a governmental body is required to maintain, and which must be accessible to scrutiny by the public.",public record
oewn-06686933-n,hypernym,oewn-06685698-n,information known only to a special group,"arcanum, secret"
oewn-06686933-n,hypernym,oewn-06898439-n,evidence proving that you are who you say you are; evidence establishing that you are among the group of people already known to the system; recognition by the system leads to acceptance,positive identification
oewn-06694296-n,hypernym,oewn-06693922-n,information reported in a newspaper or news magazine,news
oewn-06694296-n,hyponym,oewn-06694721-n,report or open letter giving informal or confidential news of interest to a special group,"newsletter, newssheet"
oewn-06694296-n,hyponym,oewn-06695035-n,a brief report (especially an official statement issued for immediate publication or broadcast),bulletin
oewn-06694296-n,hyponym,oewn-06695539-n,an official report (usually sent in haste),"communique, despatch, dispatch"
oewn-06694296-n,hyponym,oewn-06695697-n,a story that appears mysteriously and spreads spontaneously in various forms and is usually false; contains elements of humor or horror and is popularly believed to be true,urban legend
oewn-06694296-n,hyponym,oewn-06695928-n,a news report that is reported first by one news organization,"exclusive, scoop"
oewn-06719443-n,hypernym,oewn-06709228-n,a tangible symbol signifying approval or distinction,"accolade, award, honor, honour, laurels"
oewn-06750911-n,hypernym,oewn-06735202-n,a message that is stated or declared; a communication (oral or written) setting forth particulars or facts etc,statement
oewn-06841868-n,hypernym,oewn-06831828-n,a written symbol that is used to represent speech,"character, graph, grapheme, graphic symbol"
oewn-06841868-n,hyponym,oewn-06843611-n,a lowercase letter that has a part extending above other lowercase letters,ascender
oewn-06841868-n,hyponym,oewn-06843758-n,a lowercase letter that has a part extending below other lowercase letters,descender
oewn-06841868-n,hyponym,oewn-06843888-n,two successive letters (especially two letters used to represent a single sound: ‘sh’ in ‘shoe’),"digram, digraph"
oewn-06841868-n,hyponym,oewn-06844047-n,the first letter of a word (especially a person's name),initial
oewn-06841868-n,hyponym,oewn-06844227-n,the 1st letter of the Roman alphabet,a
oewn-06841868-n,hyponym,oewn-06844334-n,the 2nd letter of the Roman alphabet,b
oewn-06841868-n,hyponym,oewn-06844441-n,the 3rd letter of the Roman alphabet,c
oewn-06841868-n,hyponym,oewn-06844548-n,the 4th letter of the Roman alphabet,d
oewn-06841868-n,hyponym,oewn-06844655-n,the 5th letter of the Roman alphabet,e
oewn-06841868-n,hyponym,oewn-06844762-n,the 6th letter of the Roman alphabet,f
oewn-06841868-n,hyponym,oewn-06844869-n,the 7th letter of the Roman alphabet,g
oewn-06841868-n,hyponym,oewn-06844976-n,the 8th letter of the Roman alphabet,h
oewn-06841868-n,hyponym,oewn-06845083-n,the 9th letter of the Roman alphabet,i
oewn-06841868-n,hyponym,oewn-06845190-n,the 10th letter of the Roman alphabet,j
oewn-06841868-n,hyponym,oewn-06845298-n,the 11th letter of the Roman alphabet,k
oewn-06841868-n,hyponym,oewn-06845406-n,the 12th letter of the Roman alphabet,l
oewn-06841868-n,hyponym,oewn-06845514-n,the 13th letter of the Roman alphabet,m
oewn-06841868-n,hyponym,oewn-06845622-n,the 14th letter of the Roman alphabet,n
oewn-06841868-n,hyponym,oewn-06845730-n,the 15th letter of the Roman alphabet,o
oewn-06841868-n,hyponym,oewn-06845838-n,the 16th letter of the Roman alphabet,p
oewn-06841868-n,hyponym,oewn-06845946-n,the 17th letter of the Roman alphabet,q
oewn-06841868-n,hyponym,oewn-06846054-n,the 18th letter of the Roman alphabet,r
oewn-06841868-n,hyponym,oewn-06846162-n,the 19th letter of the Roman alphabet,s
oewn-06841868-n,hyponym,oewn-06846270-n,the 20th letter of the Roman alphabet,t
oewn-06841868-n,hyponym,oewn-06846378-n,the 21st letter of the Roman alphabet,u
oewn-06841868-n,hyponym,oewn-06846486-n,the 22nd letter of the Roman alphabet,v
oewn-06841868-n,hyponym,oewn-06846594-n,the 23rd letter of the Roman alphabet,"double-u, w"
oewn-06841868-n,hyponym,oewn-06846713-n,the 24th letter of the Roman alphabet,"ex, x"
oewn-06841868-n,hyponym,oewn-06846826-n,the 25th letter of the Roman alphabet,"wye, y"
oewn-06841868-n,hyponym,oewn-06846940-n,the 26th letter of the Roman alphabet,"ezed, izzard, z, zed, zee"
oewn-06841868-n,hyponym,oewn-06847188-n,the 1st letter of the Greek alphabet,alpha
oewn-06841868-n,hyponym,oewn-06847295-n,the 2nd letter of the Greek alphabet,beta
oewn-06841868-n,hyponym,oewn-06847401-n,the 3rd letter of the Greek alphabet,gamma
oewn-06841868-n,hyponym,oewn-06847508-n,the 4th letter of the Greek alphabet,delta
oewn-06841868-n,hyponym,oewn-06847615-n,the 5th letter of the Greek alphabet,epsilon
oewn-06841868-n,hyponym,oewn-06847724-n,the 6th letter of the Greek alphabet,zeta
oewn-06841868-n,hyponym,oewn-06847830-n,the 7th letter of the Greek alphabet,eta
oewn-06841868-n,hyponym,oewn-06847935-n,the 8th letter of the Greek alphabet,theta
oewn-06841868-n,hyponym,oewn-06848042-n,the 9th letter of the Greek alphabet,iota
oewn-06841868-n,hyponym,oewn-06848148-n,the 10th letter of the Greek alphabet,kappa
oewn-06841868-n,hyponym,oewn-06848256-n,the 11th letter of the Greek alphabet,lambda
oewn-06841868-n,hyponym,oewn-06848365-n,the 12th letter of the Greek alphabet,mu
oewn-06841868-n,hyponym,oewn-06848470-n,the 13th letter of the Greek alphabet,nu
oewn-06841868-n,hyponym,oewn-06848575-n,the 14th letter of the Greek alphabet,xi
oewn-06841868-n,hyponym,oewn-06848680-n,the 15th letter of the Greek alphabet,omicron
oewn-06841868-n,hyponym,oewn-06848790-n,the 16th letter of the Greek alphabet,pi
oewn-06841868-n,hyponym,oewn-06848895-n,the 17th letter of the Greek alphabet,rho
oewn-06841868-n,hyponym,oewn-06849001-n,the 18th letter of the Greek alphabet,sigma
oewn-06841868-n,hyponym,oewn-06849109-n,the 19th letter of the Greek alphabet,tau
oewn-06841868-n,hyponym,oewn-06849215-n,the 20th letter of the Greek alphabet,upsilon
oewn-06841868-n,hyponym,oewn-06849325-n,the 21st letter of the Greek alphabet,phi
oewn-06841868-n,hyponym,oewn-06849431-n,the 22nd letter of the Greek alphabet,"chi, khi"
oewn-06841868-n,hyponym,oewn-06849543-n,the 23rd letter of the Greek alphabet,psi
oewn-06841868-n,hyponym,oewn-06849649-n,the last (24th) letter of the Greek alphabet,omega
oewn-06841868-n,hyponym,oewn-06849764-n,the 1st letter of the Hebrew alphabet,aleph
oewn-06841868-n,hyponym,oewn-06849872-n,the 2nd letter of the Hebrew alphabet,beth
oewn-06841868-n,hyponym,oewn-06849979-n,the 3rd letter of the Hebrew alphabet,gimel
oewn-06841868-n,hyponym,oewn-06850087-n,the 4th letter of the Hebrew alphabet,daleth
oewn-06841868-n,hyponym,oewn-06850196-n,the 5th letter of the Hebrew alphabet,he
oewn-06841868-n,hyponym,oewn-06850301-n,the 6th letter of the Hebrew alphabet,waw
oewn-06841868-n,hyponym,oewn-06850407-n,the 7th letter of the Hebrew alphabet,zayin
oewn-06841868-n,hyponym,oewn-06850515-n,the 8th letter of the Hebrew alphabet,heth
oewn-06841868-n,hyponym,oewn-06850622-n,the 9th letter of the Hebrew alphabet,teth
oewn-06841868-n,hyponym,oewn-06850729-n,the 10th letter of the Hebrew alphabet,yodh
oewn-06841868-n,hyponym,oewn-06850837-n,the 11th letter of the Hebrew alphabet,kaph
oewn-06841868-n,hyponym,oewn-06850945-n,the 12th letter of the Hebrew alphabet,lamedh
oewn-06841868-n,hyponym,oewn-06851055-n,the 13th letter of the Hebrew alphabet,mem
oewn-06841868-n,hyponym,oewn-06851162-n,the 14th letter of the Hebrew alphabet,nun
oewn-06841868-n,hyponym,oewn-06851269-n,the 15th letter of the Hebrew alphabet,samekh
oewn-06841868-n,hyponym,oewn-06851379-n,the 16th letter of the Hebrew alphabet,ayin
oewn-06841868-n,hyponym,oewn-06851487-n,the 17th letter of the Hebrew alphabet,pe
oewn-06841868-n,hyponym,oewn-06851593-n,the 18th letter of the Hebrew alphabet,sadhe
oewn-06841868-n,hyponym,oewn-06851702-n,the 19th letter of the Hebrew alphabet,qoph
oewn-06841868-n,hyponym,oewn-06851810-n,the 20th letter of the Hebrew alphabet,resh
oewn-06841868-n,hyponym,oewn-06851918-n,the 21st letter of the Hebrew alphabet,sin
oewn-06841868-n,hyponym,oewn-06852025-n,the 22nd letter of the Hebrew alphabet,shin
oewn-06841868-n,hyponym,oewn-06852133-n,the 23rd letter of the Hebrew alphabet,taw
oewn-06841868-n,hyponym,oewn-06852461-n,a letter that has two or more pronunciations,"polyphone, polyphonic letter"
oewn-06841868-n,hyponym,oewn-06852687-n,a plain hand-drawn letter,"block capital, block letter"
oewn-06841868-n,hyponym,oewn-07129420-n,a letter of the alphabet standing for a spoken vowel,vowel
oewn-06841868-n,hyponym,oewn-07130089-n,a letter of the alphabet standing for a spoken consonant,consonant
oewn-06841868-n,hyponym,oewn-92465077-n,a Common Slavonic nasal vowel in the early Cyrillic and Glagolitic alphabets.,yus
oewn-06887069-n,hypernym,oewn-06886621-n,a signal that involves visual communication,visual signal
oewn-06887069-n,hyponym,oewn-06887235-n,a visual signal to control the flow of traffic at intersections,"stoplight, traffic light, traffic signal"
oewn-07066015-n,hypernym,oewn-06399623-n,the words of something written,"text, textual matter"
oewn-07066015-n,hyponym,oewn-07066659-n,the lyric of a love song,love lyric
oewn-07123904-n,hypernym,oewn-07123727-n,communication that relies on hearing,auditory communication
oewn-07123904-n,hyponym,oewn-07124438-n,the words that are spoken,words
oewn-07123904-n,hyponym,oewn-07143400-n,the way a word or a language is customarily spoken,"orthoepy, pronunciation"
oewn-07123904-n,hyponym,oewn-07148409-n,the use of speech for informal exchange of views or ideas or information etc.,conversation
oewn-07123904-n,hyponym,oewn-07155367-n,an exchange of views on some topic,"discussion, give-and-take, word"
oewn-07123904-n,hyponym,oewn-07166088-n,a word or phrase that particular people use in particular situations,"expression, locution, saying"
oewn-07123904-n,hyponym,oewn-07169789-n,"speech that differs from the usual accepted, easily recognizable speech of native adult members of a speech community",non-standard speech
oewn-07123904-n,hyponym,oewn-07171401-n,the language or speech of one individual at a particular period in life,idiolect
oewn-07123904-n,hyponym,oewn-07171527-n,a long utterance by one person (especially one that prevents others from participating in the conversation),monologue
oewn-07123904-n,hyponym,oewn-07174442-n,a verbal formula believed to have magical force,"charm, magic spell, magical spell, spell"
oewn-07123904-n,hyponym,oewn-07175286-n,speech intended for reproduction in writing,dictation
oewn-07123904-n,hyponym,oewn-07175403-n,speech you make to yourself,"monologue, soliloquy"
oewn-07138578-n,hypernym,oewn-07135232-n,a loud utterance; often in protest or opposition,"call, cry, outcry, shout, vociferation, yell"
oewn-07155367-n,hypernym,oewn-07123904-n,(language) communication by word of mouth,"language, oral communication, speech, speech communication, spoken communication, spoken language, voice communication"
oewn-07155367-n,hyponym,oewn-07155686-n,a discussion in which reasons are advanced for and against some proposition or proposal,"argument, argumentation, debate"
oewn-07155367-n,hyponym,oewn-07157073-n,(usually plural) discussion of all sides of a question,deliberation
oewn-07155367-n,hyponym,oewn-07157274-n,a discussion among participants who have an agreed (serious) topic,"conference, group discussion"
oewn-07155367-n,hyponym,oewn-07158577-n,discussion of a subject of public interest by a group of persons forming a panel usually before an audience,panel discussion
oewn-07155367-n,hyponym,oewn-07158747-n,discussion of an event after it has occurred,"post-mortem, postmortem"
oewn-07155367-n,hyponym,oewn-07158898-n,free and open discussion of (or debate on) some question of public interest,"public discussion, ventilation"
oewn-07155367-n,hyponym,oewn-07162900-n,a discussion intended to produce an agreement,"dialogue, negotiation, talks"
oewn-07183893-n,hypernym,oewn-07183274-n,"(often plural) a command given by a superior (e.g., a military or law enforcement officer) that must be obeyed",order
oewn-07188040-n,hypernym,oewn-07187909-n,an interpretation based on the exact wording,literal interpretation
oewn-07232584-n,hypernym,oewn-07226850-n,a speech act that conveys information,"informing, making known"
oewn-07232584-n,hyponym,oewn-06479116-n,the act of preparing a summary (or an instance thereof); stating briefly and succinctly,"summarisation, summarization"
oewn-07232584-n,hyponym,oewn-07153212-n,"a report of a discourse in which deictic terms are modified appropriately (e.g., ‘he said ""I am a fool""’ would be modified to ‘he said he is a fool’)",indirect discourse
oewn-07232584-n,hyponym,oewn-07153444-n,a report of the exact words used in a discourse,"direct discourse, direct quotation"
oewn-07232584-n,hyponym,oewn-07232959-n,(Yiddish) a long boring tediously detailed account,megillah
oewn-07232584-n,hyponym,oewn-07235126-n,report of a mission or task,debriefing
oewn-07232584-n,hyponym,oewn-07235246-n,short account of an incident (especially a biographical one),anecdote
oewn-07232584-n,hyponym,oewn-07235433-n,the act of giving an account describing incidents or a course of events,"narration, recital, yarn"
oewn-07232584-n,hyponym,oewn-07237830-n,a report (often malicious) about the behavior of other people,"comment, gossip, scuttlebutt"
oewn-07233130-n,hypernym,oewn-06481744-n,writing that provides information (especially information of an official nature),"document, papers, written document"
oewn-07233130-n,hyponym,oewn-07233822-n,a written report of the results of an analysis of the composition of some substance,assay
oewn-07233130-n,hyponym,oewn-07233957-n,a careful study of some social unit (as a corporation or division within a corporation) that attempts to determine what factors led to its success or failure,case study
oewn-07233130-n,hyponym,oewn-07234190-n,a government report; bound in white,"white book, white paper"
oewn-07233130-n,hyponym,oewn-07234296-n,a report published by the British government; bound in blue,blue book
oewn-07233130-n,hyponym,oewn-07234411-n,a preliminary report of government proposals that is published in order to stimulate discussion,green paper
oewn-07233130-n,hyponym,oewn-07234583-n,a report of work accomplished during a specified time period,progress report
oewn-07233130-n,hyponym,oewn-07234705-n,a report that explains or justifies or recommends some particular policy,position paper
oewn-07233130-n,hyponym,oewn-07234838-n,a report of the results of a medical examination of a patient,medical report
oewn-07234960-n,hypernym,oewn-06646883-n,a message received and understood,"info, information"
oewn-07241961-n,hypernym,oewn-07241205-n,a verbal commitment by one person to another agreeing to do (or not to do) something in the future,promise
oewn-07309535-n,hypernym,oewn-07308725-n,the outcome of an event especially as relative to an individual,"aftermath, consequence"
oewn-07406116-n,hypernym,oewn-07402109-n,sound of any kind (especially unintelligible or dissonant sound),noise
oewn-07422377-n,hypernym,oewn-07420493-n,the motion characteristic of fluids (liquids or gases),"flow, flowing"
oewn-07422377-n,hyponym,oewn-07450700-n,the occurrence of a sudden discharge (as of liquid),"jet, spirt, spurt, squirt"
oewn-07422377-n,hyponym,oewn-07451261-n,the discharge of a fluid from some container,"escape, leak, leakage, outflow"
oewn-07457610-n,hypernym,oewn-07435370-n,the occurrence of a change for the worse,"damage, harm, impairment"
oewn-07475061-n,hypernym,oewn-07473244-n,a contest of speed,race
oewn-07475061-n,hyponym,oewn-07475360-n,a footrace run for fun (often including runners who are sponsored for a charity),"fun run, funrun"
oewn-07475061-n,hyponym,oewn-07475503-n,a footrace of 26 miles 385 yards,marathon
oewn-07475061-n,hyponym,oewn-07477874-n,a race in which competitors must negotiate obstacles,obstacle race
oewn-07475061-n,hyponym,oewn-07477986-n,a footrace of usually 3000 meters over a closed track with hurdles and a water jump,steeplechase
oewn-07475061-n,hyponym,oewn-07484001-n,a footrace performed on a track (indoor or outdoor),track event
oewn-07485811-n,hypernym,oewn-07470961-n,an occasion on which a winner is selected from among two or more contestants,"competition, contest"
oewn-07485811-n,hyponym,oewn-07481100-n,a match between boxers; usually held in a boxing ring,boxing match
oewn-07485811-n,hyponym,oewn-07481248-n,a match between chess players,chess match
oewn-07485811-n,hyponym,oewn-07481335-n,a match in a cockpit between two fighting cocks heeled with metal gaffs,cockfight
oewn-07485811-n,hyponym,oewn-07481462-n,a match between two cricket teams,cricket match
oewn-07485811-n,hyponym,oewn-07481555-n,an athletic competition that involves diving into water,"diving, diving event"
oewn-07485811-n,hyponym,oewn-07481697-n,a competition that takes place on a field rather than on a running track,field event
oewn-07485811-n,hyponym,oewn-07481972-n,the final match between the winners of all previous matches in an elimination tournament,final
oewn-07485811-n,hyponym,oewn-07482352-n,one of the four competitions in an elimination tournament whose winners go on to play in the semifinals,quarterfinal
oewn-07485811-n,hyponym,oewn-07482533-n,one of the two competitions in the next to the last round of an elimination tournament,"semi, semifinal"
oewn-07485811-n,hyponym,oewn-07485685-n,an athletic competition that involves swimming,swimming event
oewn-07485811-n,hyponym,oewn-07486177-n,a match between tennis players,tennis match
oewn-07485811-n,hyponym,oewn-07486266-n,an international championship match,"match game, matched game, test match"
oewn-07485811-n,hyponym,oewn-07486386-n,a match between wrestlers,wrestling match
oewn-07488069-n,hypernym,oewn-07487797-n,any competition,race
oewn-07488069-n,hyponym,oewn-07488347-n,a race for election to the governorship,"campaign for governor, governor's race"
oewn-07488069-n,hyponym,oewn-07488472-n,a race for election to the senate,"senate campaign, senate race"
oewn-07580824-n,hypernym,oewn-07576217-n,the food and drink that are regularly served or consumed,fare
oewn-07580824-n,hyponym,oewn-07581023-n,planned meals for athletes in training (usually served in a mess hall),training table
oewn-07659991-n,hypernym,oewn-07665463-n,the flesh of animals (including fishes and birds and snails) used as food,meat
oewn-07659991-n,hyponym,oewn-07660315-n,flesh of chickens or turkeys or ducks or geese raised for food,poultry
oewn-07659991-n,hyponym,oewn-07662536-n,flesh of any of a number of wild game birds suitable for food,wildfowl
oewn-07692347-n,hypernym,oewn-07691372-n,highly seasoned minced meat stuffed in casings,sausage
oewn-07692347-n,hyponym,oewn-07692600-n,short slender frankfurter usually with ends cut off,vienna sausage
oewn-07909228-n,hypernym,oewn-07907701-n,fermented juice (of grapes especially),"vino, wine"
oewn-08005299-n,hypernym,oewn-07986853-n,primary social group; parents and children,"family, family unit"
oewn-08005299-n,hyponym,oewn-08005525-n,a couple both of whom have high-powered careers or are politically influential,power couple
oewn-08005299-n,hyponym,oewn-08005662-n,a couple who both have careers and no children (an acronym for dual income no kids),dink
oewn-08011895-n,hypernym,oewn-08010371-n,a group of animals,animal group
oewn-08089673-n,hypernym,oewn-08082070-n,the people or companies engaged in a particular kind of commercial enterprise,industry
oewn-08089673-n,hyponym,oewn-08089966-n,a market characterized by falling prices for securities,bear market
oewn-08089673-n,hyponym,oewn-08090079-n,a market characterized by rising prices for securities,bull market
oewn-08089673-n,hyponym,oewn-08090191-n,used to allude to the securities industry of Great Britain,the city
oewn-08089673-n,hyponym,oewn-08090304-n,used to allude to the securities industry of the United States,"the street, wall street"
oewn-08089673-n,hyponym,oewn-08090437-n,a market for short-term debt instruments,money market
oewn-08243256-n,hypernym,oewn-08242502-n,people living in a town or city having local self-government,municipality
oewn-08281504-n,hypernym,oewn-08024893-n,a group of people who work together,"organisation, organization"
oewn-08281680-n,hypernym,oewn-08024893-n,a group of people who work together,"organisation, organization"
oewn-08283156-n,hypernym,oewn-07955622-n,an orderly arrangement,array
oewn-08283156-n,hyponym,oewn-06040436-n,a two-way tabulation of the relations between correlates; row headings are the scores on one variable and column headings are the scores on the second variables and a cell shows how many times the score on that row was associated with the score in that column,correlation table
oewn-08283156-n,hyponym,oewn-06501650-n,a list of divisions (chapters or articles) and the pages on which they start,"contents, table of contents"
oewn-08283156-n,hyponym,oewn-08283463-n,a table of statistical data,"actuarial table, statistical table"
oewn-08283156-n,hyponym,oewn-08283770-n,a tabular array of the days (usually for one year),calendar
oewn-08283156-n,hyponym,oewn-08284118-n,the part of a floppy disk or hard disk where information is stored about the location of each piece of information on the disk (and about the location of unusable areas of the disk),file allocation table
oewn-08283156-n,hyponym,oewn-08284367-n,(chemistry) a tabular arrangement of the chemical elements according to atomic number as based on the periodic law,periodic table
oewn-08292106-n,hypernym,oewn-07981699-n,a group of persons associated by some common tie or occupation and regarded as an entity,body
oewn-08292106-n,hyponym,oewn-08292418-n,a group of United States painters founded in 1907 and noted for their realistic depictions of sordid aspects of city life,"ashcan school, eight"
oewn-08292106-n,hyponym,oewn-08292625-n,a school of architecture based on the philosophical theory of deconstruction,deconstructivism
oewn-08292106-n,hyponym,oewn-08292764-n,a school of 19th century German economists and legal philosophers who tried to explain modern economic systems in evolutionary or historical terms,historical school
oewn-08292106-n,hyponym,oewn-08292974-n,a school of painters who used a technique of painting with tiny dots of pure colors that would blend in the viewer's eye; developed by Georges Seurat and his followers late in 19th century France,pointillism
oewn-08292106-n,hyponym,oewn-08482323-n,a French school of art and architecture popular in the 1890s; characterized by stylized natural forms and sinuous outlines of such objects as leaves and vines and flowers,art nouveau
oewn-08292106-n,hyponym,oewn-08485732-n,English poets at the beginning of the 19th century who lived in the Lake District and were inspired by it,lake poets
oewn-08292106-n,hyponym,oewn-08487045-n,an Austrian school of art and architecture parallel to the French art nouveau in the 1890s,"secession, sezession"
oewn-08292106-n,hyponym,oewn-92445463-n,"school of anthropology concerned with long-term culture change and with the similar patterns of development that may be seen in unrelated, widely separated cultures.","neo-evolutionism, neoevolutionism"
oewn-08293641-n,hypernym,oewn-08293263-n,an institution dedicated to education,educational institution
oewn-08293641-n,hyponym,oewn-08294726-n,a school for special training,academy
oewn-08293641-n,hyponym,oewn-08295510-n,a school that teaches nonresident students by mail,correspondence school
oewn-08293641-n,hyponym,oewn-08295628-n,a special school where students are crammed,crammer
oewn-08293641-n,hyponym,oewn-08295743-n,a school in which students learn to dance,dancing school
oewn-08293641-n,hyponym,oewn-08295845-n,formerly a school that charged tuition fees and also received government grants in return for admitting certain non-paying students who were nominated by the local authorities,direct-grant school
oewn-08293641-n,hyponym,oewn-08296105-n,a school where people are taught to drive automobiles,driving school
oewn-08293641-n,hyponym,oewn-08299030-n,a private school for girls that emphasizes training in cultural and social activities,finishing school
oewn-08293641-n,hyponym,oewn-08299178-n,a school for teaching students to fly airplanes,flying school
oewn-08293641-n,hyponym,oewn-08299617-n,a school in a university offering study leading to degrees beyond the bachelor's degree,"grad school, graduate school"
oewn-08293641-n,hyponym,oewn-08299871-n,a school for teaching foreign languages,language school
oewn-08293641-n,hyponym,oewn-08300678-n,a school for training nurses,"nursing school, school of nursing"
oewn-08293641-n,hyponym,oewn-08300975-n,a school run by a religious body,religious school
oewn-08293641-n,hyponym,oewn-08301291-n,a school where horsemanship is taught and practiced,riding school
oewn-08293641-n,hyponym,oewn-08301402-n,a school for students intermediate between elementary school and college; usually grades 9 to 12,"gymnasium, lycee, lyceum, middle school, secondary school"
oewn-08293641-n,hyponym,oewn-08301768-n,a school where secretarial skills (typing and shorthand and filing etc.) are taught,secretarial school
oewn-08293641-n,hyponym,oewn-08302167-n,a school teaching mechanical and industrial arts and the applied sciences,"tech, technical school"
oewn-08293641-n,hyponym,oewn-08302960-n,a school providing practical vocational and technical training,training school
oewn-08293641-n,hyponym,oewn-08304256-n,a school teaching veterinary medicine,veterinary school
oewn-08293641-n,hyponym,oewn-08304357-n,the faculty and students of a school specializing in one of the fine arts,conservatory
oewn-08293641-n,hyponym,oewn-08419296-n,your alma mater is a school you graduated from,alma mater
oewn-08293641-n,hyponym,oewn-08427239-n,a tuition free school in the United States supported by taxes and controlled by a school board,public school
oewn-08293641-n,hyponym,oewn-08428127-n,a school established and controlled privately and supported by endowment and tuition,private school
oewn-08293641-n,hyponym,oewn-08428440-n,a school where students are taught to dance,dance school
oewn-08293641-n,hyponym,oewn-08428806-n,a school giving instruction during the daytime,day school
oewn-08293641-n,hyponym,oewn-08428927-n,a school that holds classes in the evenings for students who cannot attend during the day,night school
oewn-08293641-n,hyponym,oewn-08429449-n,school meeting on Sundays for religious instruction,"sabbath school, sunday school"
oewn-08293641-n,hyponym,oewn-08429706-n,a school for young children; usually the first 6 or 8 grades,"elementary school, grade school, grammar school, primary school"
oewn-08293641-n,hyponym,oewn-92445787-n,"in ancient Greece, a state institution organized to train freeborn youths between the ages of 18 and 20 for military and administrative service.",ephebeia
oewn-08293641-n,hyponym,oewn-92448703-n,"any educational institution dedicated to teaching aspects of filmmaking, including such subjects as film production, film theory, digital media production, and screenwriting.",film school
oewn-08294314-n,hypernym,oewn-08293263-n,an institution dedicated to education,educational institution
oewn-08354251-n,hypernym,oewn-08094128-n,a unit with administrative responsibilities,"administrative body, administrative unit"
oewn-08354251-n,hyponym,oewn-08140679-n,an agency of the executive branch of government,executive agency
oewn-08354251-n,hyponym,oewn-08141238-n,a federal agency in the Department of Health and Human Services established to regulate the release of new foods and health-related products,"fda, food and drug administration"
oewn-08354251-n,hyponym,oewn-08141631-n,a federal agency in the Department of Health and Human Services; located in Atlanta; investigates and diagnoses and tries to control or prevent diseases (especially new and unusual diseases),"cdc, center for disease control and prevention"
oewn-08354251-n,hyponym,oewn-08142402-n,an agency that helps the Director of Central Intelligence coordinate counterterrorist efforts in order to preempt and disrupt and defeat terrorist activities at the earliest possible stage,"counterterrorist center, ctc"
oewn-08354251-n,hyponym,oewn-08142704-n,an agency that serves as the focal point for all Intelligence Community activities related to nonproliferation of weapons of mass destruction and their missile delivery systems,"nonproliferation center, npc"
oewn-08354251-n,hyponym,oewn-08146603-n,the bureau of the Commerce Department responsible for taking the census; provides demographic information and analyses about the population of the United States,"bureau of the census, census bureau"
oewn-08354251-n,hyponym,oewn-08146865-n,an agency in the Department of Commerce that maps the oceans and conserves their living resources; predicts changes to the earth's environment; provides weather reports and forecasts floods and hurricanes and other natural disasters related to weather,"national oceanic and atmospheric administration, noaa"
oewn-08354251-n,hyponym,oewn-08147274-n,the part of NOAA that maintains the world's largest active archive of weather data,"national climatic data center, ncdc"
oewn-08354251-n,hyponym,oewn-08147458-n,the federal agency in the National Oceanic and Atmospheric Administration that is responsible for weather forecast and preparation of weather maps,national weather service
oewn-08354251-n,hyponym,oewn-08147694-n,an agency in the Department of Commerce that works with United States industries to promote competitiveness and maximize the impact of technology on economic growth,technology administration
oewn-08354251-n,hyponym,oewn-08147987-n,an agency in the Technology Administration that makes measurements and sets standards as needed by industry or government programs,"national institute of standards and technology, nist"
oewn-08354251-n,hyponym,oewn-08148236-n,an agency in the Technology Administration that is a primary resource for government-funded scientific and technical and engineering and business related information,"national technical information service, ntis"
oewn-08354251-n,hyponym,oewn-08149028-n,the central research and development organization for the United States Department of Defense; responsible for developing new surveillance technologies since 9/11,"darpa, defense advanced research projects agency"
oewn-08354251-n,hyponym,oewn-08149305-n,a defense laboratory that provides essential services in fundamental science for national security and environmental protection and provides technologies that contribute to industrial competitiveness,"department of defense laboratory system, lablink"
oewn-08354251-n,hyponym,oewn-08150171-n,an agency that collects political and economic and technical information about energy matters and makes the Department of Energy's technical and analytical expertise available to other members of the Intelligence Community,"department of energy intelligence, doei"
oewn-08354251-n,hyponym,oewn-08150837-n,an agency that serves as the office of Surgeon General; includes agencies whose mission is to improve the public health,"phs, united states public health service"
oewn-08354251-n,hyponym,oewn-08151063-n,an agency in the Department of Health and Human Services whose mission is to employ science in the pursuit of knowledge to improve human health; is the principal biomedical research agency of the federal government,"national institutes of health, nih"
oewn-08354251-n,hyponym,oewn-08152752-n,the bureau in the Department of Justice that assists local criminal justice systems to reduce or prevent crime and violence and drug abuse,"bja, bureau of justice assistance"
oewn-08354251-n,hyponym,oewn-08153009-n,the agency in the Department of Justice that is the primary source of criminal justice statistics for federal and local policy makers,"bjs, bureau of justice statistics"
oewn-08354251-n,hyponym,oewn-08153484-n,a former agency in the Department of Justice that enforces laws and regulations for the admission of foreign-born persons to the United States,"immigration and naturalization service, ins"
oewn-08354251-n,hyponym,oewn-08153749-n,the mobile law enforcement arm of the Immigration and Naturalization Service that detects and prevents illegal entry of aliens into the United States,"united states border patrol, us border patrol"
oewn-08354251-n,hyponym,oewn-08155259-n,the bureau in the State Department that is responsible for the security of diplomats and embassies overseas,"bureau of diplomatic security, ds"
oewn-08354251-n,hyponym,oewn-08155466-n,the part of the State Department that supplies diplomats for the United States embassies and consulates around the world,foreign service
oewn-08354251-n,hyponym,oewn-08155686-n,an agency that is the primary source in the State Department for interpretive analyses of global developments and focal point for policy issues and activities of the Intelligence Community,"bureau of intelligence and research, inr"
oewn-08354251-n,hyponym,oewn-08156270-n,an agency in the Department of the Interior that conserves and protects fish and wildlife and their habitats; assesses the environmental impact of pesticides and nuclear power site and hydroelectric dams and thermal pollution,"fws, united states fish and wildlife service, us fish and wildlife service"
oewn-08354251-n,hyponym,oewn-08156637-n,an agency of the Interior Department responsible for the national parks,national park service
oewn-08354251-n,hyponym,oewn-08157506-n,the federal agency in the Treasury Department that manages the government's disbursement and collection systems and provides central accounting and financial reporting,financial management service
oewn-08354251-n,hyponym,oewn-08157767-n,agency that oversees the intelligence relationships of the Treasury's offices and bureaus and provides a link between the Intelligence Community and officials responsible for international economic policy,"office of intelligence support, ois"
oewn-08354251-n,hyponym,oewn-08159801-n,the agency of the Treasury Department responsible for controlling the currency,comptroller of the currency
oewn-08354251-n,hyponym,oewn-08159972-n,the agency of the Treasury Department that enforces import tariffs,"bureau of customs, customs bureau, customs service, uscb"
oewn-08354251-n,hyponym,oewn-08160163-n,the agency of the Treasury Department that produces currency,bureau of engraving and printing
oewn-08354251-n,hyponym,oewn-08160321-n,the bureau of the Treasury Department responsible for tax collections,"internal revenue service, irs"
oewn-08354251-n,hyponym,oewn-08160926-n,an agency in the Department of Transportation that is responsible for the safety of civilian aviation,"faa, federal aviation administration"
oewn-08354251-n,hyponym,oewn-08161316-n,an agency established in 2001 to safeguard United States transportation systems and insure safe air travel,"transportation security administration, tsa"
oewn-08354251-n,hyponym,oewn-08179144-n,an independent nonpartisan federal agency that acts as the investigative arm of Congress making the executive branch accountable to Congress and the government accountable to citizens of the United States,"gao, government accounting office, united states government accounting office"
oewn-08354251-n,hyponym,oewn-08208917-n,the navy of the United States of America; the agency that maintains and trains and equips combat-ready naval forces,"navy, united states navy, us navy, usn"
oewn-08354251-n,hyponym,oewn-08209487-n,an agency of the Department of Transportation responsible for patrolling shores and facilitating nautical commerce,"u. s. coast guard, united states coast guard, us coast guard"
oewn-08354251-n,hyponym,oewn-08210152-n,the principal agency of the United States Navy for research and development for air warfare and missile weapon systems,"naval air warfare center weapons division, nawcwpns"
oewn-08354251-n,hyponym,oewn-08210388-n,the agency that provides units to conduct unconventional and counter-guerilla warfare,"naval special warfare, nsw"
oewn-08354251-n,hyponym,oewn-08210585-n,the agency that provides scientific and engineering and technical support for all aspects of surface warfare,"naval surface warfare center, nswc"
oewn-08354251-n,hyponym,oewn-08210794-n,the agency that provides scientific and engineering and technical support for submarine and undersea warfare systems,"naval underwater warfare center, nuwc"
oewn-08354251-n,hyponym,oewn-08211206-n,the military intelligence agency that provides for the intelligence and counterintelligence and investigative and security requirements of the United States Navy,"office of naval intelligence, oni"
oewn-08354251-n,hyponym,oewn-08211486-n,an agency of the United States Marine Corps that provides responsive and broad intelligence support for the worldwide Marine Corps organization,"marine corps intelligence activity, mcia"
oewn-08354251-n,hyponym,oewn-08213170-n,the airforce of the United States of America; the agency that defends the United States through control and exploitation of air and space,"air force, u. s. air force, united states air force, us air force, usaf"
oewn-08354251-n,hyponym,oewn-08214326-n,an agency focused on ensuring that the United States military attains information superiority; operates worldwide ground sites and an array of airborne reconnaissance and surveillance platforms,"afisr, air force intelligence surveillance and reconnaissance, air force isr"
oewn-08354251-n,hyponym,oewn-08355774-n,an agency of the United States government that is created by an act of Congress and is independent of the executive departments,independent agency
oewn-08354251-n,hyponym,oewn-08357680-n,an agency of the Intelligence Community that conducts advanced research and development related to information technology,"advanced research and development activity, arda"
oewn-08354251-n,hyponym,oewn-08358257-n,a logistics combat support agency in the Department of Defense; provides worldwide support for military missions,defense logistics agency
oewn-08354251-n,hyponym,oewn-08358478-n,the organization in the Defense Logistics Agency that inventories and evaluates and sells reusable United States government surplus,"defense reutilization and marketing service, drms"
oewn-08354251-n,hyponym,oewn-08358725-n,the agency in the Department of Defense that provides scientific and technical information to federal agencies and their contractors,"defense technical information center, dtic"
oewn-08354251-n,hyponym,oewn-08365742-n,an agency responsible for insuring obedience to the laws,law enforcement agency
oewn-08354251-n,hyponym,oewn-08366065-n,a government agency in the Department of Labor to maintain a safe and healthy work environment,"occupational safety and health administration, osha"
oewn-08354251-n,hyponym,oewn-08366277-n,a government agency or instrument devoted to the performance of some specific function,organ
oewn-08354251-n,hyponym,oewn-08366608-n,the government bureau in the Department of Commerce that keeps a record of patents and trademarks and grants new ones,"patent and trademark office database, patent office"
oewn-08354251-n,hyponym,oewn-08373500-n,an agency of the legislative branch that provides printing and binding services for Congress and the departments and establishments of the federal government,"government printing office, gpo, united states government printing office, us government printing office"
oewn-08354251-n,hyponym,oewn-08408653-n,the agency that administers the Army National Guard and the Air National Guard; provides liaison between the Army and the Air Force and various National Guard units,"national guard bureau, ngb"
oewn-08354251-n,hyponym,oewn-08411879-n,the army of the United States of America; the agency that organizes and trains soldiers for land warfare,"army, u. s. army, united states army, us army, usa"
oewn-08354251-n,hyponym,oewn-08412639-n,an agency of the United States Army responsible for providing timely and relevant and accurate and synchronized intelligence to tactical and operational and strategic level commanders,"ai, army intelligence"
oewn-08354251-n,hyponym,oewn-08412948-n,an agency in the Department of Defense that is responsible for making ballistic missile defense a reality,"ballistic missile defense organization, bmdo"
oewn-08354251-n,hyponym,oewn-08413164-n,a combat support agency in the Department of Defense responsible for developing and operating and supporting information systems to serve the needs of the President and the Secretary of Defense and the Joint Chiefs of Staff,"defense information systems agency, disa"
oewn-08354251-n,hyponym,oewn-08413494-n,a combat support agency that provides geographic intelligence in support of national security,"national geospatial-intelligence agency, nga"
oewn-08354251-n,hyponym,oewn-08413717-n,an agency in the Department of Defense that is a national center for research on all aspects of injury control and casualty care,"casualty care research center, ccrc"
oewn-08354251-n,hyponym,oewn-08440591-n,the federal agency in the Department of Housing and Urban Development that insures residential mortgages,"federal housing administration, fha"
oewn-08354251-n,hyponym,oewn-08499588-n,an administrative unit of local government,local authority
oewn-08354251-n,hyponym,oewn-92428250-n,an organization dedicated to the exploration of space.,space agency
oewn-08369230-n,hypernym,oewn-08456947-n,personnel who assist their superior in carrying out an assigned task,staff
oewn-08437235-n,hypernym,oewn-08071473-n,an institution (public or private) that collects funds (from the public or other institutions) and invests them in financial assets,"financial institution, financial organisation, financial organization"
oewn-08437235-n,hyponym,oewn-08251549-n,a cooperative depository financial institution whose members can obtain loans from their combined savings,credit union
oewn-08437235-n,hyponym,oewn-08367846-n,one of 12 regional banks that monitor and act as depositories for banks in their region,"federal reserve bank, reserve bank"
oewn-08437235-n,hyponym,oewn-08435273-n,a bank that acts as an agent for a foreign bank,agent bank
oewn-08437235-n,hyponym,oewn-08435377-n,a financial institution that accepts demand deposits and makes loans and provides other services for the public,"commercial bank, full service bank"
oewn-08437235-n,hyponym,oewn-08435720-n,a bank chartered by a state rather than by the federal government,state bank
oewn-08437235-n,hyponym,oewn-08435842-n,a bank named by a lending syndicate of several banks to protect their interests,"agent bank, lead bank"
oewn-08437235-n,hyponym,oewn-08435990-n,a bank that is a member of the Federal Reserve System,member bank
oewn-08437235-n,hyponym,oewn-08436120-n,a credit card processing bank; merchants receive credit for credit card receipts less a processing fee,"acquirer, merchant bank"
oewn-08437235-n,hyponym,oewn-08436519-n,a corporation gaining financial control over another corporation or financial institution through a payment in cash or an exchange of stock,acquirer
oewn-08437235-n,hyponym,oewn-08439481-n,a depository financial institution intended to encourage personal savings and home buying,thrift institution
oewn-08437235-n,hyponym,oewn-08440255-n,one of 11 regional banks that monitor and make short-term credit advances to thrift institutions in their region,home loan bank
oewn-08441908-n,hypernym,oewn-07990472-n,"people having the same social, economic, or educational status","class, social class, socio-economic class, stratum"
oewn-08441908-n,hyponym,oewn-08442130-n,people who engage in illicit trade,black market
oewn-08444586-n,hypernym,oewn-00297411-n,the group action of a collection of people or animals or vehicles moving ahead in more or less regular formation,procession
oewn-08476659-n,hypernym,oewn-08474987-n,similar things placed in order or happening one after another,series
oewn-08477596-n,hypernym,oewn-08476919-n,a group of people or things arranged or following in order,succession
oewn-08477596-n,hyponym,oewn-08477780-n,a streak of losses,losing streak
oewn-08477596-n,hyponym,oewn-08477858-n,a streak of wins,winning streak
oewn-08479077-n,hypernym,oewn-07955622-n,an orderly arrangement,array
oewn-08497146-n,hypernym,oewn-07991473-n,a group of persons together in one place,"assemblage, gathering"
oewn-08525382-n,hypernym,oewn-08524579-n,"the place where something begins, where it springs into being","beginning, origin, root, rootage, source"
oewn-08542298-n,hypernym,oewn-08643858-n,an urban district having corporate status and powers of self-government,municipality
oewn-08542298-n,hyponym,oewn-08709407-n,the capital city of a nation,national capital
oewn-08542298-n,hyponym,oewn-08713012-n,the capital city of a province,provincial capital
oewn-08542298-n,hyponym,oewn-08713353-n,the capital city of a political subdivision of a country,state capital
oewn-08558466-n,hypernym,oewn-08508836-n,a district defined for administrative purposes,"administrative district, administrative division, territorial division"
oewn-08663763-n,hypernym,oewn-08663538-n,the place where some action occurs,scene
oewn-09207565-n,hypernym,oewn-09206590-n,motivation based on ideas of right and wrong,"ethical motive, ethics, morality, morals"
oewn-09236341-n,hypernym,oewn-09432390-n,a long narrow natural elevation or striation,ridge
oewn-09236341-n,hyponym,oewn-09247632-n,a high steep bank (usually formed by river erosion),bluff
oewn-09236341-n,hyponym,oewn-09444677-n,a submerged bank of sand near a shore or in a river; can be exposed at low tide,sandbank
oewn-09236472-n,hypernym,oewn-09460358-n,an elevated geological formation,"incline, side, slope"
oewn-09236472-n,hyponym,oewn-09438462-n,the bank of a river,"riverbank, riverside"
oewn-09236472-n,hyponym,oewn-09499055-n,land bordering a body of water,waterside
oewn-09236735-n,hypernym,oewn-09460358-n,an elevated geological formation,"incline, side, slope"
oewn-09374802-n,hypernym,oewn-09476138-n,a relatively flat highland,"plateau, tableland"
oewn-09434308-n,hypernym,oewn-09471510-n,a natural body of running water flowing on or under the earth,"stream, watercourse"
oewn-09438816-n,hypernym,oewn-09471510-n,a natural body of running water flowing on or under the earth,"stream, watercourse"
oewn-09466357-n,hypernym,oewn-09310874-n,(geology) the geological features of the earth,"formation, geological formation"
oewn-09466357-n,hyponym,oewn-09307823-n,a fountain described in folk tales as able to make people young again,fountain of youth
oewn-09466357-n,hyponym,oewn-09311541-n,a spring that discharges hot water and steam,geyser
oewn-09466357-n,hyponym,oewn-09328804-n,a natural spring of water at a temperature of 70 F or above,"hot spring, thermal spring"
oewn-09638837-n,hypernym,oewn-09786620-n,a person who acts and gets things done,"actor, doer, worker"
oewn-09638837-n,hyponym,oewn-09795348-n,an engineer concerned with the design and construction of aircraft,aeronautical engineer
oewn-09638837-n,hyponym,oewn-09795520-n,an engineer of aircraft and space vehicles,aerospace engineer
oewn-09638837-n,hyponym,oewn-09828961-n,a member of the military who is trained in engineering and construction work,"army engineer, military engineer"
oewn-09638837-n,hyponym,oewn-09845341-n,an engineer concerned with the design and construction of automobiles,automotive engineer
oewn-09638837-n,hyponym,oewn-09943998-n,an engineer trained to design and construct and maintain public works (roads or bridges or harbors etc.),civil engineer
oewn-09638837-n,hyponym,oewn-10068825-n,a person trained in practical applications of the theory of electricity,electrical engineer
oewn-09638837-n,hyponym,oewn-10314082-n,a naval officer responsible for the operation and maintenance of the ship's engines,"marine engineer, naval engineer"
oewn-09638837-n,hyponym,oewn-10324317-n,a person trained to design and construct machines,mechanical engineer
oewn-09638837-n,hyponym,oewn-10331735-n,an engineer trained in the extraction and refining and alloying and fabrication of metals,"metallurgical engineer, metallurgist"
oewn-09638837-n,hyponym,oewn-10340142-n,an engineer concerned with the construction and operation of mines,mining engineer
oewn-09638837-n,hyponym,oewn-10500853-n,a person who designs and writes and tests computer programs,"coder, computer programmer, programmer, software engineer"
oewn-09638837-n,hyponym,oewn-10555691-n,an engineer who builds and tests rockets,"rocket engineer, rocket scientist"
oewn-09638837-n,hyponym,oewn-10700056-n,an engineer who determines the boundaries and elevations of land or structures,surveyor
oewn-09649426-n,hypernym,oewn-09786620-n,a person who acts and gets things done,"actor, doer, worker"
oewn-09649426-n,hyponym,oewn-09836176-n,a person who joins with others in some activity or endeavor,associate
oewn-09649426-n,hyponym,oewn-09979896-n,a person of nearly the same age as another,"coeval, contemporary"
oewn-09649426-n,hyponym,oewn-10139610-n,(Black English) a member of a youth gang,gangsta
oewn-09649426-n,hyponym,oewn-10667676-n,someone who takes the place of another (as when things get dangerous or difficult),"backup, fill-in, relief, reliever, stand-in, substitute"
oewn-09649426-n,hyponym,oewn-10691175-n,a person who follows next in order,"replacement, successor"
oewn-09649426-n,hyponym,oewn-10739341-n,a person from the same town as yourself,townie
oewn-09655706-n,hypernym,oewn-09786620-n,a person who acts and gets things done,"actor, doer, worker"
oewn-09655706-n,hyponym,oewn-09632776-n,a worker who casts molten metal into finished products,caster
oewn-09655706-n,hyponym,oewn-09642622-n,a worker who performs the last step in a manufacturing process,finisher
oewn-09655706-n,hyponym,oewn-09835195-n,a person who contributes to the fulfillment of a need or furtherance of an effort or purpose,"assistant, help, helper, supporter"
oewn-09655706-n,hyponym,oewn-09865145-n,a worker who rouses wild game from under cover for a hunter,beater
oewn-09655706-n,hyponym,oewn-09873916-n,someone who pastes up bills or placards on walls or billboards,"bill poster, bill sticker, poster"
oewn-09655706-n,hyponym,oewn-09879090-n,a worker who bleaches (cloth or flour etc.),bleacher
oewn-09655706-n,hyponym,oewn-09881352-n,someone who drives or rides in a boat,boater
oewn-09655706-n,hyponym,oewn-09917366-n,someone whose work is driving carts,carter
oewn-09655706-n,hyponym,oewn-09929118-n,a worker whose job is to make charcoal,charcoal burner
oewn-09655706-n,hyponym,oewn-09955820-n,a person who is employed to collect payments (as for rent or taxes),"accumulator, collector, gatherer"
oewn-09655706-n,hyponym,oewn-09959484-n,a person who separates and straightens the fibers of cotton or wool,comber
oewn-09655706-n,hyponym,oewn-09985435-n,a worker who husks corn,cornhusker
oewn-09655706-n,hyponym,oewn-10055155-n,someone who drives animals that pull a vehicle,driver
oewn-09655706-n,hyponym,oewn-10073516-n,a person who is qualified and ready to work,employable
oewn-09655706-n,hyponym,oewn-10073616-n,a worker who is hired to perform a job,employee
oewn-09655706-n,hyponym,oewn-10130190-n,a writer or artist who sells services to different employers without a long-term contract with any of them,"free lance, free-lance, freelance, freelancer, independent, self-employed person"
oewn-09655706-n,hyponym,oewn-10172529-n,a worker who guts things (fish or buildings or cars etc.),gutter
oewn-09655706-n,hyponym,oewn-10179027-n,a worker who hangs something,hanger
oewn-09655706-n,hyponym,oewn-10264056-n,(when gas was used for streetlights) a person who lights and extinguishes streetlights,lamplighter
oewn-09655706-n,hyponym,oewn-10326781-n,a worker who melts substances (metal or wax etc.),melter
oewn-09655706-n,hyponym,oewn-10350306-n,a person who holds a second job (usually after hours),moonlighter
oewn-09655706-n,hyponym,oewn-10350435-n,a worker who uses a mop to clean a surface,mopper
oewn-09655706-n,hyponym,oewn-10362624-n,someone who muzzles animals,muzzler
oewn-09655706-n,hyponym,oewn-10363934-n,a worker who attaches something by nailing it,nailer
oewn-09655706-n,hyponym,oewn-10394114-n,a worker who oils engines or machinery,oiler
oewn-09655706-n,hyponym,oewn-10422454-n,someone who works less than the customary or standard time,part-timer
oewn-09655706-n,hyponym,oewn-10432529-n,a worker who peels the skins from fruits and vegetables,peeler
oewn-09655706-n,hyponym,oewn-10458495-n,a worker who puts or sets seeds or seedlings into the ground,planter
oewn-09655706-n,hyponym,oewn-10461667-n,someone who plies a trade,"plier, plyer"
oewn-09655706-n,hyponym,oewn-10497540-n,someone who processes things (foods or photographs or applicants etc.),processor
oewn-09655706-n,hyponym,oewn-10506767-n,a worker who thins out and trims trees and shrubs,"pruner, trimmer"
oewn-09655706-n,hyponym,oewn-10511787-n,someone who pulls or tugs or drags in an effort to move something,"dragger, puller, tugger"
oewn-09655706-n,hyponym,oewn-10518136-n,a man who works in a quarry,quarrier
oewn-09655706-n,hyponym,oewn-10524549-n,a worker who sorts rags and old clothing for new uses (as in papermaking),ragsorter
oewn-09655706-n,hyponym,oewn-10573883-n,someone who works (or provides workers) during a strike,"blackleg, rat, scab, strikebreaker"
oewn-09655706-n,hyponym,oewn-10584476-n,a worker who uses a scrub brush to clean a surface (usually a floor or deck),scrubber
oewn-09655706-n,hyponym,oewn-10587150-n,a worker who finds employment only in certain seasons,"seasonal, seasonal worker"
oewn-09655706-n,hyponym,oewn-10601606-n,a person working in the service of another (especially in the household),"retainer, servant"
oewn-09655706-n,hyponym,oewn-10608009-n,a worker who removes shells (as of peas or oysters),sheller
oewn-09655706-n,hyponym,oewn-10608132-n,a worker who puts things (as books) on shelves,shelver
oewn-09655706-n,hyponym,oewn-10608974-n,a worker who shingles roofs,shingler
oewn-09655706-n,hyponym,oewn-10613026-n,a worker who shovels,"shoveler, shoveller"
oewn-09655706-n,hyponym,oewn-10624387-n,a worker who uses a skid to move logs,skidder
oewn-09655706-n,hyponym,oewn-10625393-n,a worker who has acquired special skills,"skilled worker, trained worker"
oewn-09655706-n,hyponym,oewn-10629072-n,someone who works as hard as a slave,"hard worker, slave, striver"
oewn-09655706-n,hyponym,oewn-10641303-n,a worker who joins or mends with solder,solderer
oewn-09655706-n,hyponym,oewn-10656627-n,a worker who splices ropes together by interweaving strands,splicer
oewn-09655706-n,hyponym,oewn-10657237-n,a worker who splits fish and removes the backbone,splitter
oewn-09655706-n,hyponym,oewn-10665471-n,a worker who stains (wood or fabric),stainer
oewn-09655706-n,hyponym,oewn-10673342-n,a worker who makes or applies stems for artificial flowers,stemmer
oewn-09655706-n,hyponym,oewn-10681485-n,a worker who strings,stringer
oewn-09655706-n,hyponym,oewn-10684095-n,a worker who strips the stems from moistened tobacco leaves and binds the leaves together into books,"sprigger, stemmer, stripper"
oewn-09655706-n,hyponym,oewn-10707418-n,a worker who fastens things by tacking them (as with tacks or by spotwelding),tacker
oewn-09655706-n,hyponym,oewn-10710981-n,a worker who uses a tap to cut screw threads,tapper
oewn-09655706-n,hyponym,oewn-10715318-n,a worker who teases wool,teaser
oewn-09655706-n,hyponym,oewn-10718911-n,a worker (especially in an office) hired on a temporary basis,"temp, temporary, temporary worker"
oewn-09655706-n,hyponym,oewn-10719754-n,one who works strenuously,toiler
oewn-09655706-n,hyponym,oewn-10729394-n,a person who twists silk or rayon filaments into a thread or yarn,"thrower, throwster"
oewn-09655706-n,hyponym,oewn-10730052-n,a worker who ties something,"tier, tier up"
oewn-09655706-n,hyponym,oewn-10730562-n,a worker who lays tile,tiler
oewn-09655706-n,hyponym,oewn-10735193-n,a worker who cuts tops off (of trees or vegetables etc.),topper
oewn-09655706-n,hyponym,oewn-10735320-n,a worker who makes or adds the top to something,topper
oewn-09655706-n,hyponym,oewn-10740613-n,a worker who belongs to a trade union,"trade unionist, union member, unionist"
oewn-09655706-n,hyponym,oewn-10754225-n,someone who intertwines (e.g. threads) or forms something by twisting or interlacing,twiner
oewn-09655706-n,hyponym,oewn-10778819-n,a person who performs voluntary work,"unpaid worker, volunteer"
oewn-09655706-n,hyponym,oewn-10784387-n,usually in combination: person in charge of or employed at a particular thing,wallah
oewn-09655706-n,hyponym,oewn-10788571-n,someone who washes things for a living,washer
oewn-09655706-n,hyponym,oewn-10801660-n,"a worker who winds (e.g., a winch or clock or other mechanism)",winder
oewn-09655706-n,hyponym,oewn-10803322-n,a worker who wipes,wiper
oewn-09655706-n,hyponym,oewn-10810755-n,a young woman who is employed,working girl
oewn-09655706-n,hyponym,oewn-10811460-n,a fellow worker,workmate
oewn-09786620-n,hypernym,oewn-00007347-n,any entity that produces an effect or is responsible for events or results,"causal agency, causal agent, cause"
oewn-09786620-n,hyponym,oewn-09629201-n,a person who enjoys taking risks,"adventurer, venturer"
oewn-09786620-n,hyponym,oewn-09629903-n,a person who seems to be displaced in time; who belongs to another age,anachronism
oewn-09786620-n,hyponym,oewn-09630310-n,a person who requests or seeks something such as assistance or employment or admission,"applicant, applier"
oewn-09786620-n,hyponym,oewn-09630660-n,a person who is appointed to a job or position,"appointee, appointment"
oewn-09786620-n,hyponym,oewn-09632262-n,a person who invests capital in a business (especially a large business),capitalist
oewn-09786620-n,hyponym,oewn-09632591-n,a person who captures and holds people or animals,"captor, capturer"
oewn-09786620-n,hyponym,oewn-09632901-n,a person who changes something,"changer, modifier"
oewn-09786620-n,hyponym,oewn-09633435-n,a person who holds no title,"common person, commoner"
oewn-09786620-n,hyponym,oewn-09633690-n,a person who communicates with others,communicator
oewn-09786620-n,hyponym,oewn-09636221-n,a person who participates in competitions,contestant
oewn-09786620-n,hyponym,oewn-09637077-n,a person who shows fear or timidity,coward
oewn-09786620-n,hyponym,oewn-09637345-n,a person who grows or makes or invents things,creator
oewn-09786620-n,hyponym,oewn-09638495-n,a person who disputes; who is good at or enjoys controversy,"controversialist, disputant, eristic"
oewn-09786620-n,hyponym,oewn-09638837-n,a person who uses scientific knowledge to solve practical problems,"applied scientist, engineer, technologist"
oewn-09786620-n,hyponym,oewn-09639952-n,a person who tries to please or amuse,entertainer
oewn-09786620-n,hyponym,oewn-09640726-n,a person who enjoys testing innovative ideas,experimenter
oewn-09786620-n,hyponym,oewn-09640897-n,a person with special knowledge or ability who performs skillfully,expert
oewn-09786620-n,hyponym,oewn-09642482-n,"a person who resembles a Romani in leading an unconventional, nomadic way of life","gipsy, gypsy"
oewn-09786620-n,hyponym,oewn-09642994-n,a person who pursues independent thought or action,individualist
oewn-09786620-n,hyponym,oewn-09643248-n,a person who inhabits a particular place,"denizen, dweller, habitant, indweller, inhabitant"
oewn-09786620-n,hyponym,oewn-09643964-n,an indigenous person who was born in a particular place,"aboriginal, aborigine, indigen, indigene, native"
oewn-09786620-n,hyponym,oewn-09644402-n,a person born in a particular place or country,native
oewn-09786620-n,hyponym,oewn-09644529-n,a person who lacks knowledge of evil,"inexperienced person, innocent"
oewn-09786620-n,hyponym,oewn-09644715-n,a person who uses the mind creatively,"intellect, intellectual"
oewn-09786620-n,hyponym,oewn-09645472-n,a person who loves someone or is loved by someone,lover
oewn-09786620-n,hyponym,oewn-09646098-n,"a person who you love, usually a member of your family",loved one
oewn-09786620-n,hyponym,oewn-09646208-n,a person who rules or guides or inspires others,leader
oewn-09786620-n,hyponym,oewn-09648150-n,a person who receives or invests or pays out money,"money dealer, money handler"
oewn-09786620-n,hyponym,oewn-09648571-n,a person who owes allegiance to that nation,"national, subject"
oewn-09786620-n,hyponym,oewn-09648959-n,a person who does not manifest devotion to a deity,nonreligious person
oewn-09786620-n,hyponym,oewn-09649219-n,a person who does nothing,nonworker
oewn-09786620-n,hyponym,oewn-09649426-n,a person who is of equal standing with another in a group,"compeer, equal, match, peer"
oewn-09786620-n,hyponym,oewn-09649777-n,a person who becomes aware (of things or events) through the senses,"beholder, observer, perceiver, percipient"
oewn-09786620-n,hyponym,oewn-09650205-n,a person situated on a perch,percher
oewn-09786620-n,hyponym,oewn-09650305-n,a person who goes before or announces the coming of another,"forerunner, precursor"
oewn-09786620-n,hyponym,oewn-09650650-n,a person who belongs to an early stage of civilization,"primitive, primitive person"
oewn-09786620-n,hyponym,oewn-09651570-n,a person who manifests devotion to a deity,religious person
oewn-09786620-n,hyponym,oewn-09652434-n,a person who enjoys sensuality,sensualist
oewn-09786620-n,hyponym,oewn-09652940-n,a person who changes location,"traveler, traveller"
oewn-09786620-n,hyponym,oewn-09653829-n,a person who suffers misfortune,"unfortunate, unfortunate person"
oewn-09786620-n,hyponym,oewn-09654317-n,a person who for some reason is not wanted or welcome,"persona non grata, unwelcome person"
oewn-09786620-n,hyponym,oewn-09655462-n,a person who lacks technical training,unskilled person
oewn-09786620-n,hyponym,oewn-09655706-n,a person who works at a specific occupation,worker
oewn-09786620-n,hyponym,oewn-09657682-n,a native or inhabitant of Africa,african
oewn-09786620-n,hyponym,oewn-09659490-n,"a person with African ancestry, ‘Negro’ and ‘Negroid’ are archaic and pejorative today","african-american, black, negro, negroid"
oewn-09786620-n,hyponym,oewn-09660255-n,a person of European descent with a light-skinned or pale complexion,"caucasian, white, white person"
oewn-09786620-n,hyponym,oewn-09696262-n,any member of the people of eastern Europe or Asian Russia who speak a Slavonic language,slav
oewn-09786620-n,hyponym,oewn-09698566-n,a person who is not a member of one's own religion; used in this sense by Mormons and Hindus,gentile
oewn-09786620-n,hyponym,oewn-09700747-n,a person belonging to the worldwide group claiming descent from Jacob (or converted to it) and connected by cultural or religious ties,"hebrew, israelite, jew"
oewn-09786620-n,hyponym,oewn-09771577-n,(astrology) a person who is born while the sun is in Aries,"aries, ram"
oewn-09786620-n,hyponym,oewn-09771712-n,(astrology) a person who is born while the sun is in Taurus,"bull, taurus"
oewn-09786620-n,hyponym,oewn-09771850-n,(astrology) a person who is born while the sun is in Gemini,"gemini, twin"
oewn-09786620-n,hyponym,oewn-09771988-n,(astrology) a person who is born while the sun is in Cancer,"cancer, crab"
oewn-09786620-n,hyponym,oewn-09772126-n,(astrology) a person who is born while the sun is in Leo,"leo, lion"
oewn-09786620-n,hyponym,oewn-09772258-n,(astrology) a person who is born while the sun is in Virgo,"virgin, virgo"
oewn-09786620-n,hyponym,oewn-09772396-n,(astrology) a person who is born while the sun is in Libra,"balance, libra"
oewn-09786620-n,hyponym,oewn-09772535-n,(astrology) a person who is born while the sun is in Scorpio,"scorpio, scorpion"
oewn-09786620-n,hyponym,oewn-09772679-n,(astrology) a person who is born while the sun is in Sagittarius,"archer, sagittarius"
oewn-09786620-n,hyponym,oewn-09772829-n,(astrology) a person who is born while the sun is in Capricorn,"capricorn, goat"
oewn-09786620-n,hyponym,oewn-09772973-n,(astrology) a person who is born while the sun is in Aquarius,"aquarius, water bearer"
oewn-09786620-n,hyponym,oewn-09773123-n,(astrology) a person who is born while the sun is in Pisces,"fish, pisces"
oewn-09786620-n,hyponym,oewn-09773382-n,a person who abates a nuisance,abator
oewn-09786620-n,hyponym,oewn-09773872-n,a person who abjures,abjurer
oewn-09786620-n,hyponym,oewn-09776292-n,a person who is loathsome or disgusting,abomination
oewn-09786620-n,hyponym,oewn-09777275-n,a person who refrains from drinking intoxicating beverages,"abstainer, abstinent, nondrinker"
oewn-09786620-n,hyponym,oewn-09782244-n,a person with a record of successes,"achiever, succeeder, success, winner"
oewn-09786620-n,hyponym,oewn-09783207-n,a person with whom you are acquainted,"acquaintance, friend"
oewn-09786620-n,hyponym,oewn-09783624-n,a person who acquires something (usually permanently),acquirer
oewn-09786620-n,hyponym,oewn-09784323-n,a person who is a participating member of an organization,active
oewn-09786620-n,hyponym,oewn-09789059-n,a person who studies and settles conflicts and disputes,adjudicator
oewn-09786620-n,hyponym,oewn-09791087-n,a person who admires; someone who esteems or respects or approves,admirer
oewn-09786620-n,hyponym,oewn-09791753-n,someone (such as a child) who has been adopted,adoptee
oewn-09786620-n,hyponym,oewn-09792668-n,someone who offers opposition,"adversary, antagonist, opponent, opposer, resister"
oewn-09786620-n,hyponym,oewn-09793590-n,someone who receives advice,advisee
oewn-09786620-n,hyponym,oewn-09794206-n,a person who pleads for a cause or propounds an idea,"advocate, advocator, exponent, proponent"
oewn-09786620-n,hyponym,oewn-09795702-n,a person who makes an affidavit,affiant
oewn-09786620-n,hyponym,oewn-09798565-n,someone who is doubtful or noncommittal about something,"agnostic, doubter"
oewn-09786620-n,hyponym,oewn-09806026-n,someone who pursues a study or sport as a pastime,amateur
oewn-09786620-n,hyponym,oewn-09812582-n,a person who lived in ancient times,ancient
oewn-09786620-n,hyponym,oewn-09816250-n,a person who is opposed (to an action or policy or practice etc.),anti
oewn-09786620-n,hyponym,oewn-09816415-n,a person who is opposed to the United States and its policies,anti-american
oewn-09786620-n,hyponym,oewn-09820525-n,a person who seizes or arrests (especially a person who seizes or arrests in the name of justice),apprehender
oewn-09786620-n,hyponym,oewn-09821868-n,a person who is fully aware of something and understands it,appreciator
oewn-09786620-n,hyponym,oewn-09823653-n,a person who archaizes,archaist
oewn-09786620-n,hyponym,oewn-09829769-n,a person who through conceit makes pretentious claims to rights or advantages that he or she is not entitled to or to qualities that he or she does not possess,arrogator
oewn-09786620-n,hyponym,oewn-09834481-n,a person (or property) that is assessed,assessee
oewn-09786620-n,hyponym,oewn-09836941-n,a person suffering from asthma,asthmatic
oewn-09786620-n,hyponym,oewn-09844011-n,(usually plural) persons who exercise (administrative) control over others,authority
oewn-09786620-n,hyponym,oewn-09844815-n,a person who has taught themself,autodidact
oewn-09786620-n,hyponym,oewn-09844921-n,someone who acts or responds in a mechanical or apathetic way,"automaton, zombi, zombie"
oewn-09786620-n,hyponym,oewn-09847649-n,a member of the baby boom generation in the 1950s,"baby boomer, boomer"
oewn-09786620-n,hyponym,oewn-09847846-n,a person born in the generation following the baby boom when the birth rate fell dramatically,"baby buster, buster"
oewn-09786620-n,hyponym,oewn-09851102-n,any person who is not on your side,bad guy
oewn-09786620-n,hyponym,oewn-09851208-n,a person who does harm to others,bad person
oewn-09786620-n,hyponym,oewn-09853256-n,a person whose head is bald or shaved,"baldhead, baldpate, baldy, skin, skinhead"
oewn-09786620-n,hyponym,oewn-09853385-n,a person who refuses to comply,"balker, baulker, noncompliant"
oewn-09786620-n,hyponym,oewn-09855548-n,someone who fights bulls,"bullfighter, toreador"
oewn-09786620-n,hyponym,oewn-09862990-n,a person who takes a bath,bather
oewn-09786620-n,hyponym,oewn-09864809-n,a person who diverts suspicion from someone (especially a woman who accompanies a male homosexual in order to conceal his homosexuality),beard
oewn-09786620-n,hyponym,oewn-09865673-n,a person with whom you share a bed,"bedfellow, bedmate"
oewn-09786620-n,hyponym,oewn-09869865-n,a person who has suffered the death of someone they loved,"bereaved, bereaved person"
oewn-09786620-n,hyponym,oewn-09870573-n,the person who is most outstanding or excellent; someone who tops all others,"best, topper"
oewn-09786620-n,hyponym,oewn-09876077-n,a baby born; an offspring,birth
oewn-09786620-n,hyponym,oewn-09877258-n,someone who bites,biter
oewn-09786620-n,hyponym,oewn-09879821-n,a person who keeps and updates a blog,blogger
oewn-09786620-n,hyponym,oewn-09880693-n,a person dressed all in blue (as a soldier or sailor),bluecoat
oewn-09786620-n,hyponym,oewn-09882251-n,someone who does special exercises to develop a brawny musculature,"bodybuilder, muscle builder, muscle-builder, musclebuilder"
oewn-09786620-n,hyponym,oewn-09883942-n,a person who plants bombs,bomber
oewn-09786620-n,hyponym,oewn-09902904-n,a person (or thing) that breaks up or overpowers something,buster
oewn-09786620-n,hyponym,oewn-09910201-n,someone who is considered for something (for an office or prize or honor etc.),"candidate, prospect"
oewn-09786620-n,hyponym,oewn-09915013-n,a person who is responsible for attending to the needs of a child or dependent adult,caregiver
oewn-09786620-n,hyponym,oewn-09918344-n,a person requiring professional services,case
oewn-09786620-n,hyponym,oewn-09918741-n,a person responsible for receiving payments for goods and services (as in a shop or restaurant),cashier
oewn-09786620-n,hyponym,oewn-09920434-n,a person regarded as a good matrimonial prospect,"catch, match"
oewn-09786620-n,hyponym,oewn-09922407-n,a person who is celebrating,"celebrant, celebrater, celebrator"
oewn-09786620-n,hyponym,oewn-09923389-n,someone who censures or condemns,censor
oewn-09786620-n,hyponym,oewn-09924290-n,a person who takes a position in the political center,"centrist, middle of the roader, moderate, moderationist"
oewn-09786620-n,hyponym,oewn-09925902-n,a changeable or inconstant person,chameleon
oewn-09786620-n,hyponym,oewn-09929832-n,a person who charms others (usually by personal attractiveness),"beguiler, charmer"
oewn-09786620-n,hyponym,oewn-09941131-n,(Yiddish) a person characterized by chutzpa,chutzpanik
oewn-09786620-n,hyponym,oewn-09949922-n,a person who closes something,closer
oewn-09786620-n,hyponym,oewn-09950725-n,a person with poor motor coordination,clumsy person
oewn-09786620-n,hyponym,oewn-09956078-n,a person who collects things,"aggregator, collector"
oewn-09786620-n,hyponym,oewn-09958771-n,someone who fights (or is fighting),"battler, belligerent, combatant, fighter, scrapper"
oewn-09786620-n,hyponym,oewn-09966606-n,someone makes things complex,complexifier
oewn-09786620-n,hyponym,oewn-09969936-n,a person with a compulsive disposition; someone who feels compelled to do certain things,compulsive
oewn-09786620-n,hyponym,oewn-09970753-n,a person who uses computers for work or entertainment or communication or business,computer user
oewn-09786620-n,hyponym,oewn-09976635-n,a person who is reluctant to accept changes and new ideas,"conservative, conservativist"
oewn-09786620-n,hyponym,oewn-09979794-n,a person devoted to the contemplative life,contemplative
oewn-09786620-n,hyponym,oewn-09981893-n,a person who has been converted to another religious or political belief,convert
oewn-09786620-n,hyponym,oewn-09983941-n,someone who copies the words or behavior of another,"ape, aper, copycat, emulator, imitator"
oewn-09786620-n,hyponym,oewn-09989021-n,a person who counts things,counter
oewn-09786620-n,hyponym,oewn-09989618-n,someone who attempts to prevent terrorism,counterterrorist
oewn-09786620-n,hyponym,oewn-09995649-n,a person who crawls or creeps along the ground,"crawler, creeper"
oewn-09786620-n,hyponym,oewn-09996258-n,a person to whom money is owed by a debtor; someone to whom an obligation exists,creditor
oewn-09786620-n,hyponym,oewn-10009953-n,a person who participates in a social gathering arranged for dancing (as a ball),"dancer, social dancer"
oewn-09786620-n,hyponym,oewn-10016750-n,a person who lowers the quality or character or value (as by adding cheaper metal to coins),"debaser, degrader"
oewn-09786620-n,hyponym,oewn-10017160-n,a person who owes a creditor; someone who has the obligation of paying a debt,"debitor, debtor"
oewn-09786620-n,hyponym,oewn-10019527-n,a person who defecates,"defecator, shitter, voider"
oewn-09786620-n,hyponym,oewn-10020209-n,a person who delays; to put off until later or cause to be late,delayer
oewn-09786620-n,hyponym,oewn-10020651-n,a person who gives up or transfers money or goods,deliverer
oewn-09786620-n,hyponym,oewn-10021240-n,a person who makes demands,demander
oewn-09786620-n,hyponym,oewn-10022139-n,someone extremely diligent or skillful,demon
oewn-09786620-n,hyponym,oewn-10032031-n,a person who diets,dieter
oewn-09786620-n,hyponym,oewn-10032560-n,a person who (or that which) differentiates,"differentiator, discriminator"
oewn-09786620-n,hyponym,oewn-10036672-n,a person who removes tangles; someone who takes something out of a tangled state,"disentangler, unraveler, unraveller"
oewn-09786620-n,hyponym,oewn-10037746-n,a person who dissents from some established policy,"contestant, dissenter, dissident, objector, protester"
oewn-09786620-n,hyponym,oewn-10039613-n,a person who separates something into parts or groups,divider
oewn-09786620-n,hyponym,oewn-10044087-n,a person (not necessarily a spouse) with whom you cohabit and share a long-term sexual relationship,"domestic partner, significant other, spousal equivalent, spouse equivalent"
oewn-09786620-n,hyponym,oewn-10046971-n,someone who closely resembles a famous person (especially an actor),"double, image, look-alike"
oewn-09786620-n,hyponym,oewn-10052950-n,a person who dresses in a particular way,dresser
oewn-09786620-n,hyponym,oewn-10053388-n,a person who dribbles,"dribbler, driveller, drooler, slobberer"
oewn-09786620-n,hyponym,oewn-10055991-n,a person who takes drugs,"drug user, substance abuser, user"
oewn-09786620-n,hyponym,oewn-10060753-n,an alert and energetic person,"busy bee, eager beaver, live wire, sharpie, sharpy"
oewn-09786620-n,hyponym,oewn-10062653-n,a person with an unusual or odd personality,"eccentric, eccentric person, flake, geek, oddball"
oewn-09786620-n,hyponym,oewn-10066335-n,one who brings about a result or event; one who accomplishes a purpose,"effecter, effector"
oewn-09786620-n,hyponym,oewn-10068026-n,a person who is older than you are,"elder, senior"
oewn-09786620-n,hyponym,oewn-10070520-n,a person who lived during the reign of Elizabeth I,elizabethan
oewn-09786620-n,hyponym,oewn-10072651-n,a person subject to strong states of emotion,emotional person
oewn-09786620-n,hyponym,oewn-10075911-n,someone who imparts energy and vitality and spirit to other people,"animator, energiser, energizer, vitaliser, vitalizer"
oewn-09786620-n,hyponym,oewn-10078219-n,a person who delights in having or using or experiencing something,enjoyer
oewn-09786620-n,hyponym,oewn-10078970-n,a person who enrolls in (or is enrolled in) a class or course of study,enrollee
oewn-09786620-n,hyponym,oewn-10085354-n,a person who is a member of an ethnic group,ethnic
oewn-09786620-n,hyponym,oewn-10092496-n,someone who travels into little known regions (especially for some scientific purpose),"adventurer, explorer"
oewn-09786620-n,hyponym,oewn-10094037-n,a person who was formerly a spouse,ex-spouse
oewn-09786620-n,hyponym,oewn-10094629-n,(psychology) a person concerned more with practical realities than with inner thoughts and feelings,"extravert, extrovert"
oewn-09786620-n,hyponym,oewn-10095687-n,a person who subscribes to a variety of fads,faddist
oewn-09786620-n,hyponym,oewn-10096558-n,a person who falls,faller
oewn-09786620-n,hyponym,oewn-10100106-n,a person who fastens or makes fast,fastener
oewn-09786620-n,hyponym,oewn-10105843-n,a person who holds assets in trust for a beneficiary,fiduciary
oewn-09786620-n,hyponym,oewn-10113165-n,one who is first-rate,first-rater
oewn-09786620-n,hyponym,oewn-10119144-n,a person who accepts the leadership of another,follower
oewn-09786620-n,hyponym,oewn-10129431-n,someone acting freely or even irresponsibly,"free agent, free spirit, freewheeler"
oewn-09786620-n,hyponym,oewn-10132360-n,a person you know well and regard with affection and trust,friend
oewn-09786620-n,hyponym,oewn-10134739-n,someone who flees from an uncongenial situation,"fleer, fugitive, runaway"
oewn-09786620-n,hyponym,oewn-10137168-n,a person who gains (gains an advantage or gains profits),gainer
oewn-09786620-n,hyponym,oewn-10137396-n,a person who gains weight,"gainer, weight gainer"
oewn-09786620-n,hyponym,oewn-10138501-n,a person who wagers money on the outcome of games or sporting events,gambler
oewn-09786620-n,hyponym,oewn-10141785-n,someone who controls access to something,gatekeeper
oewn-09786620-n,hyponym,oewn-10141957-n,a person who gathers,gatherer
oewn-09786620-n,hyponym,oewn-10155229-n,someone whose career progresses rapidly,"ball of fire, go-getter, whiz-kid, whizz-kid"
oewn-09786620-n,hyponym,oewn-10157889-n,any person who is on your side,good guy
oewn-09786620-n,hyponym,oewn-10158287-n,a person who is good to other people,good person
oewn-09786620-n,hyponym,oewn-10163245-n,a person who grants or gives something,granter
oewn-09786620-n,hyponym,oewn-10166447-n,a person who greets,"greeter, saluter, welcomer"
oewn-09786620-n,hyponym,oewn-10166782-n,a person who grins,grinner
oewn-09786620-n,hyponym,oewn-10167139-n,a person who groans,groaner
oewn-09786620-n,hyponym,oewn-10168956-n,a person who grunts,grunter
oewn-09786620-n,hyponym,oewn-10170314-n,a person who guesses,guesser
oewn-09786620-n,hyponym,oewn-10181787-n,a person who hates,hater
oewn-09786620-n,hyponym,oewn-10204767-n,a person who hopes,hoper
oewn-09786620-n,hyponym,oewn-10206749-n,a person who invites guests to a social event (such as a party in his or her own home) and who is responsible for them while they are there,host
oewn-09786620-n,hyponym,oewn-10210364-n,a person who crouches,huddler
oewn-09786620-n,hyponym,oewn-10210620-n,a person who hugs,hugger
oewn-09786620-n,hyponym,oewn-10220400-n,a person whose actions and opinions strongly influence the course of events,"important person, influential person, personage"
oewn-09786620-n,hyponym,oewn-10232450-n,someone who uses art to represent something,interpreter
oewn-09786620-n,hyponym,oewn-10237834-n,a person able to do a variety of different jobs acceptably well,jack of all trades
oewn-09786620-n,hyponym,oewn-10239549-n,a member of an Indo-European people widely scattered throughout the northwest of the Indian subcontinent and consisting of Muslims and Hindus and Sikhs,jat
oewn-09786620-n,hyponym,oewn-10246663-n,a person who jumps,jumper
oewn-09786620-n,hyponym,oewn-10246936-n,the younger of two persons,junior
oewn-09786620-n,hyponym,oewn-10250784-n,someone who causes the death of a person or animal,"killer, slayer"
oewn-09786620-n,hyponym,oewn-10256539-n,a person with unusual sexual tastes,kink
oewn-09786620-n,hyponym,oewn-10257969-n,a person in a kneeling position,kneeler
oewn-09786620-n,hyponym,oewn-10259458-n,a person who knocks (as seeking to gain admittance),knocker
oewn-09786620-n,hyponym,oewn-10259779-n,a person who knows or apprehends,"apprehender, knower"
oewn-09786620-n,hyponym,oewn-10260211-n,someone regarded as eccentric or crazy and standing out from a group,"kook, odd fellow, odd fish, odd man out, queer bird, queer duck"
oewn-09786620-n,hyponym,oewn-10267577-n,a person who is a member of those peoples whose languages derived from Latin,latin
oewn-09786620-n,hyponym,oewn-10268573-n,a person who is laughing or who laughs easily,laugher
oewn-09786620-n,hyponym,oewn-10271476-n,someone (especially a child) who learns (as from a teacher) or takes up knowledge or beliefs,"assimilator, learner, scholar, student"
oewn-09786620-n,hyponym,oewn-10272819-n,a person who uses the left hand with greater skill than the right,"left-hander, lefty, southpaw"
oewn-09786620-n,hyponym,oewn-10276453-n,a person who favors a political philosophy of progress and reform and the protection of civil liberties,"liberal, liberalist, progressive"
oewn-09786620-n,hyponym,oewn-10276781-n,a person who favors an economic theory of laissez-faire and self-regulating markets,liberal
oewn-09786620-n,hyponym,oewn-10281880-n,someone who is a frequent target of negative reactions and serves to distract attention from another,lightning rod
oewn-09786620-n,hyponym,oewn-10283916-n,a person who speaks more than one language,"linguist, polyglot"
oewn-09786620-n,hyponym,oewn-10286025-n,a person who can read and write,"literate, literate person"
oewn-09786620-n,hyponym,oewn-10287996-n,a person who has a special life style,liver
oewn-09786620-n,hyponym,oewn-10290575-n,a person with a strong desire for something,"longer, thirster, yearner"
oewn-09786620-n,hyponym,oewn-10291222-n,a person who is expected to perform a particular task but who is out of control and dangerous,loose cannon
oewn-09786620-n,hyponym,oewn-10302617-n,a person who mails something,mailer
oewn-09786620-n,hyponym,oewn-10304662-n,a person who is discontented or disgusted,malcontent
oewn-09786620-n,hyponym,oewn-10310771-n,a person who handles things manually,manipulator
oewn-09786620-n,hyponym,oewn-10311483-n,someone inclined to act first and think later,"man of action, man of deeds"
oewn-09786620-n,hyponym,oewn-10315480-n,a person who is married,married
oewn-09786620-n,hyponym,oewn-10319367-n,a person who practices masturbation,"masturbator, onanist"
oewn-09786620-n,hyponym,oewn-10324050-n,a person who makes measurements,measurer
oewn-09786620-n,hyponym,oewn-10327733-n,a person who is not a member,nonmember
oewn-09786620-n,hyponym,oewn-10331490-n,a person of mixed racial ancestry (especially mixed European and Native American ancestry),mestizo
oewn-09786620-n,hyponym,oewn-10333840-n,someone who is neither a highbrow nor a lowbrow,middlebrow
oewn-09786620-n,hyponym,oewn-10335671-n,a person who advocates war or warlike policies,"militarist, warmonger"
oewn-09786620-n,hyponym,oewn-10341412-n,a person who claims or is alleged to perform miracles,miracle worker
oewn-09786620-n,hyponym,oewn-10341896-n,someone unable to adapt to their circumstances,misfit
oewn-09786620-n,hyponym,oewn-10342204-n,a person who hates marriage,misogamist
oewn-09786620-n,hyponym,oewn-10346217-n,a contemporary person,modern
oewn-09786620-n,hyponym,oewn-10348654-n,a person who knows only one language,monolingual
oewn-09786620-n,hyponym,oewn-10352878-n,a person who cares for the needs of others (especially in an overprotective or interfering way),mother hen
oewn-09786620-n,hyponym,oewn-10361686-n,a person who mutilates or destroys or disfigures or cripples,"maimer, mangler, mutilator"
oewn-09786620-n,hyponym,oewn-10364505-n,a person who gives a name or names,namer
oewn-09786620-n,hyponym,oewn-10371356-n,a person who is neglectful and gives little attention or respect to people or responsibilities,neglecter
oewn-09786620-n,hyponym,oewn-10372030-n,a person who lives (or is located) near another,"neighbor, neighbour"
oewn-09786620-n,hyponym,oewn-10374841-n,one who does not side with any party in a war or dispute,neutral
oewn-09786620-n,hyponym,oewn-10380759-n,a person who is not easily classified and not very interesting,nondescript
oewn-09786620-n,hyponym,oewn-10380995-n,a person who does not participate,nonparticipant
oewn-09786620-n,hyponym,oewn-10381089-n,a person who is nonpartisan,"nonpartisan, nonpartizan"
oewn-09786620-n,hyponym,oewn-10381224-n,a person regarded as nonexistent and having no rights; a person whose existence is systematically ignored (especially for ideological or political reasons),"nonperson, unperson"
oewn-09786620-n,hyponym,oewn-10381702-n,someone who does not live in a particular place,nonresident
oewn-09786620-n,hyponym,oewn-10382018-n,a person who does not smoke tobacco,nonsmoker
oewn-09786620-n,hyponym,oewn-10385098-n,a naked person,"nude, nude person"
oewn-09786620-n,hyponym,oewn-10387108-n,a person who treats something carefully,nurser
oewn-09786620-n,hyponym,oewn-10390080-n,a believer in occultism; someone versed in the occult arts,occultist
oewn-09786620-n,hyponym,oewn-10399825-n,a person disposed to take a favorable view of things,optimist
oewn-09786620-n,hyponym,oewn-10405406-n,a person who refuses to face reality or recognize the truth (a reference to the popular notion that the ostrich hides from danger by burying its head in the sand),ostrich
oewn-09786620-n,hyponym,oewn-10405770-n,a person who ousts or supplants someone else,"ejector, ouster"
oewn-09786620-n,hyponym,oewn-10406214-n,a person belonging to no caste,outcaste
oewn-09786620-n,hyponym,oewn-10406317-n,"a person who spends time outdoors (e.g., hunting or fishing)",outdoorsperson
oewn-09786620-n,hyponym,oewn-10409097-n,a person who owns something,"owner, possessor"
oewn-09786620-n,hyponym,oewn-10409898-n,someone opposed to violence as a means of settling disputes,"disarmer, pacificist, pacifist"
oewn-09786620-n,hyponym,oewn-10415089-n,someone who pampers or spoils by excessive indulgence,"coddler, mollycoddler, pamperer, spoiler"
oewn-09786620-n,hyponym,oewn-10418998-n,a person who pardons or forgives or excuses a fault or offense,"excuser, forgiver, pardoner"
oewn-09786620-n,hyponym,oewn-10422162-n,a person who is a member of a partnership,partner
oewn-09786620-n,hyponym,oewn-10422569-n,a person involved in legal proceedings,party
oewn-09786620-n,hyponym,oewn-10424295-n,a person who passes as a member of a different ethnic or racial group,passer
oewn-09786620-n,hyponym,oewn-10426850-n,a person of refined upbringing and manners,patrician
oewn-09786620-n,hyponym,oewn-10438480-n,a person who perspires,"perspirer, sweater"
oewn-09786620-n,hyponym,oewn-10445710-n,a wise person who is calm and rational; someone who lives a life of reason with equanimity,philosopher
oewn-09786620-n,hyponym,oewn-10451389-n,a person who chooses or selects out,"chooser, picker, selector"
oewn-09786620-n,hyponym,oewn-10455483-n,a person who urinates,"pisser, urinator"
oewn-09786620-n,hyponym,oewn-10457939-n,a person who makes plans,"contriver, deviser, planner"
oewn-09786620-n,hyponym,oewn-10460154-n,a person who pursues a number of different social and sexual partners simultaneously,player
oewn-09786620-n,hyponym,oewn-10461108-n,someone to whom a pledge is made or someone with whom something is deposited as a pledge,pledgee
oewn-09786620-n,hyponym,oewn-10461268-n,someone who makes or gives a pledge,pledger
oewn-09786620-n,hyponym,oewn-10477343-n,someone who behaves in a manner calculated to impress or mislead others,posturer
oewn-09786620-n,hyponym,oewn-10480735-n,someone who applies or scatters powder,powderer
oewn-09786620-n,hyponym,oewn-10481995-n,a highly energetic and indefatigable person,"ball of fire, fireball, human dynamo, powerhouse"
oewn-09786620-n,hyponym,oewn-10486484-n,someone who keeps safe from harm or danger,preserver
oewn-09786620-n,hyponym,oewn-10499838-n,a person engaged in one of the learned professions,"professional, professional person"
oewn-09786620-n,hyponym,oewn-10510550-n,a person employed to establish and promote a favorable relationship with the public,public relations person
oewn-09786620-n,hyponym,oewn-10514752-n,a person who pursues some plan or goal,pursuer
oewn-09786620-n,hyponym,oewn-10515560-n,a person who is regarded as easygoing and agreeable,pussycat
oewn-09786620-n,hyponym,oewn-10521631-n,a person who gives up too easily,quitter
oewn-09786620-n,hyponym,oewn-10523045-n,a person who has radical ideas or opinions,radical
oewn-09786620-n,hyponym,oewn-10527285-n,a rare or unique person,"rara avis, rare bird"
oewn-09786620-n,hyponym,oewn-10529198-n,a person who accepts the world as it literally is and deals with it accordingly,realist
oewn-09786620-n,hyponym,oewn-10532575-n,a person who corrects or sets right,rectifier
oewn-09786620-n,hyponym,oewn-10536285-n,a person who is formally entered (along with others) in a register (and who obtains certain rights thereby),registrant
oewn-09786620-n,hyponym,oewn-10537942-n,"a person who reduces the intensity (e.g., of fears) and calms and pacifies","allayer, comforter, reliever"
oewn-09786620-n,hyponym,oewn-10541063-n,a person who repeats,repeater
oewn-09786620-n,hyponym,oewn-10542352-n,someone who saves something from danger or violence,"recoverer, rescuer, saver"
oewn-09786620-n,hyponym,oewn-10544566-n,a person who rests,rester
oewn-09786620-n,hyponym,oewn-10544727-n,a person who directs and restrains,"controller, restrainer"
oewn-09786620-n,hyponym,oewn-10546109-n,a person who returns after a lengthy absence,revenant
oewn-09786620-n,hyponym,oewn-10548806-n,a person who possesses great material wealth,"have, rich person, wealthy person"
oewn-09786620-n,hyponym,oewn-10552133-n,a person who rises (especially from bed),riser
oewn-09786620-n,hyponym,oewn-10557711-n,a person who romps or frolics,romper
oewn-09786620-n,hyponym,oewn-10560786-n,a person who rules or commands,"ruler, swayer"
oewn-09786620-n,hyponym,oewn-10563352-n,a person who rushes; someone in a hurry; someone who acts precipitously,rusher
oewn-09786620-n,hyponym,oewn-10580065-n,a person with advanced knowledge of one or more sciences,scientist
oewn-09786620-n,hyponym,oewn-10583139-n,a person who scratches to relieve an itch,scratcher
oewn-09786620-n,hyponym,oewn-10588623-n,a person of second-rate ability or value,"mediocrity, second-rater"
oewn-09786620-n,hyponym,oewn-10595038-n,a person who seeds clouds,"cloud seeder, seeder"
oewn-09786620-n,hyponym,oewn-10595231-n,someone making a search or inquiry,"quester, searcher, seeker"
oewn-09786620-n,hyponym,oewn-10595667-n,someone who is or has been segregated,segregate
oewn-09786620-n,hyponym,oewn-10599128-n,someone who indulges in excessive sentimentality,"romanticist, sentimentalist"
oewn-09786620-n,hyponym,oewn-10604305-n,any person regarded simply as an object of sexual gratification,sex object
oewn-09786620-n,hyponym,oewn-10604529-n,a person (especially a celebrity) who is well-known for their sexual attractiveness,sex symbol
oewn-09786620-n,hyponym,oewn-10605384-n,a person who wields power and influence,"mover and shaker, shaker"
oewn-09786620-n,hyponym,oewn-10613451-n,a person skilled at making effective presentations,showperson
oewn-09786620-n,hyponym,oewn-10616642-n,someone who signs and is bound by a document,"signatory, signer"
oewn-09786620-n,hyponym,oewn-10624496-n,a person who slips or slides because of loss of traction,"skidder, slider, slipper"
oewn-09786620-n,hyponym,oewn-10628841-n,a person who is owned by someone,slave
oewn-09786620-n,hyponym,oewn-10629202-n,someone entirely dominated by some influence or person,slave
oewn-09786620-n,hyponym,oewn-10631057-n,a sleepy person,sleepyhead
oewn-09786620-n,hyponym,oewn-10632319-n,a person who slouches; someone with a drooping carriage,sloucher
oewn-09786620-n,hyponym,oewn-10633741-n,a person who smashes something,smasher
oewn-09786620-n,hyponym,oewn-10633879-n,a person who smiles,smiler
oewn-09786620-n,hyponym,oewn-10636094-n,a person who sneezes,sneezer
oewn-09786620-n,hyponym,oewn-10636186-n,a person who sniffs,sniffer
oewn-09786620-n,hyponym,oewn-10636295-n,a person who breathes audibly through a congested nose,"sniffler, sniveler"
oewn-09786620-n,hyponym,oewn-10637420-n,a person who snuffs out candles,snuffer
oewn-09786620-n,hyponym,oewn-10637523-n,a person who breathes noisily (as through a nose blocked by mucus),snuffler
oewn-09786620-n,hyponym,oewn-10637662-n,a serious and sedate individual,sobersides
oewn-09786620-n,hyponym,oewn-10639008-n,a person who takes part in social activities,"socialiser, socializer"
oewn-09786620-n,hyponym,oewn-10644647-n,a worldly-wise person,"man of the world, sophisticate"
oewn-09786620-n,hyponym,oewn-10646711-n,a person whose reactions to something serve as an indication of its acceptability,sounding board
oewn-09786620-n,hyponym,oewn-10655186-n,an inscrutable person who keeps their thoughts and intentions secret,sphinx
oewn-09786620-n,hyponym,oewn-10656272-n,a person who spits (ejects saliva or phlegm from the mouth),"expectorator, spitter"
oewn-09786620-n,hyponym,oewn-10660366-n,a person who sprawls,sprawler
oewn-09786620-n,hyponym,oewn-10660949-n,a person who rejects (someone or something) with contempt,spurner
oewn-09786620-n,hyponym,oewn-10672827-n,a person who seldom goes anywhere; one not given to wandering or travel,"homebody, stay-at-home"
oewn-09786620-n,hyponym,oewn-10675662-n,a person who stifles or smothers or suppresses,"smotherer, stifler"
oewn-09786620-n,hyponym,oewn-10678306-n,someone who is seemingly indifferent to emotions,"stoic, unemotional person"
oewn-09786620-n,hyponym,oewn-10679201-n,a person who carries himself or herself with the head and shoulders habitually bent forward,stooper
oewn-09786620-n,hyponym,oewn-10680655-n,an individual that one is not acquainted with,stranger
oewn-09786620-n,hyponym,oewn-10684741-n,a person who struggles with difficulties or with great effort,struggler
oewn-09786620-n,hyponym,oewn-10688105-n,a person who is subjected to experimental or other observational procedures; someone who is an object of investigation,"case, guinea pig, subject"
oewn-09786620-n,hyponym,oewn-10696121-n,a person serving no apparent function,supernumerary
oewn-09786620-n,hyponym,oewn-10699445-n,a person who yields or surrenders,"surrenderer, yielder"
oewn-09786620-n,hyponym,oewn-10700357-n,someone who tries to insure their personal survival or the survival of their group or nation,survivalist
oewn-09786620-n,hyponym,oewn-10700507-n,one who outlives another,survivor
oewn-09786620-n,hyponym,oewn-10700830-n,someone who is under suspicion,suspect
oewn-09786620-n,hyponym,oewn-10708307-n,someone who appends or joins one thing to another,tagger
oewn-09786620-n,hyponym,oewn-10708471-n,someone who assigns labels to the grammatical constituents of textual matter,tagger
oewn-09786620-n,hyponym,oewn-10711096-n,a person who strikes a surface lightly and usually repeatedly,tapper
oewn-09786620-n,hyponym,oewn-10719401-n,a person who tempts others,tempter
oewn-09786620-n,hyponym,oewn-10721816-n,a person who serves a specified term,termer
oewn-09786620-n,hyponym,oewn-10722264-n,a person who inspires fear or dread,"scourge, terror, threat"
oewn-09786620-n,hyponym,oewn-10722985-n,a person who makes a will,"testate, testator"
oewn-09786620-n,hyponym,oewn-10728905-n,one who is third-rate or distinctly inferior,third-rater
oewn-09786620-n,hyponym,oewn-10729178-n,someone who projects something (especially by a rapid motion of the arm),thrower
oewn-09786620-n,hyponym,oewn-10730281-n,a fierce or audacious person,tiger
oewn-09786620-n,hyponym,oewn-10737110-n,a person who belongs to a clan or tribe having a totem,totemist
oewn-09786620-n,hyponym,oewn-10737238-n,a person who causes or allows a part of the body to come in contact with someone or something,toucher
oewn-09786620-n,hyponym,oewn-10744008-n,someone who transfers or is transferred from one position to another,"transfer, transferee"
oewn-09786620-n,hyponym,oewn-10748650-n,one who tries,"attempter, essayer, trier"
oewn-09786620-n,hyponym,oewn-10753007-n,one of two persons who swing ropes for jumpers to skip over in the game of jump rope,turner
oewn-09786620-n,hyponym,oewn-10755221-n,any person who exercises power in a cruel way,tyrant
oewn-09786620-n,hyponym,oewn-10755509-n,an ugly or unpromising child who grows into a beautiful or worthy person,ugly duckling
oewn-09786620-n,hyponym,oewn-10757088-n,a person who unfastens or unwraps or opens,"opener, undoer, unfastener, untier"
oewn-09786620-n,hyponym,oewn-10761247-n,a person who makes use of a thing; someone who uses or employs something,user
oewn-09786620-n,hyponym,oewn-10766014-n,a person who disappears,vanisher
oewn-09786620-n,hyponym,oewn-10772148-n,a person who is tricked or swindled,"dupe, victim"
oewn-09786620-n,hyponym,oewn-10772729-n,a person who lived during the reign of Victoria,victorian
oewn-09786620-n,hyponym,oewn-10776309-n,a person given to fanciful speculations and enthusiasms with little regard for what is actually possible,visionary
oewn-09786620-n,hyponym,oewn-10783393-n,a person who waits or awaits,waiter
oewn-09786620-n,hyponym,oewn-10783546-n,a person who awakes,waker
oewn-09786620-n,hyponym,oewn-10783964-n,person who walks in without having an appointment,walk-in
oewn-09786620-n,hyponym,oewn-10785693-n,a person who wants or needs something,"needer, wanter"
oewn-09786620-n,hyponym,oewn-10786688-n,a person who is under the protection or in the custody of another,ward
oewn-09786620-n,hyponym,oewn-10788253-n,someone engaged in or experienced in warfare,warrior
oewn-09786620-n,hyponym,oewn-10789450-n,a person who keeps a devotional vigil by a sick bed or by a dead body,watcher
oewn-09786620-n,hyponym,oewn-10791658-n,a person who is regarded as treacherous or sneaky,weasel
oewn-09786620-n,hyponym,oewn-10800912-n,one who can't stay still (especially a child),"squirmer, wiggler, wriggler"
oewn-09786620-n,hyponym,oewn-10803215-n,a person who winks,winker
oewn-09786620-n,hyponym,oewn-10805371-n,a person who refrains from granting,withholder
oewn-09786620-n,hyponym,oewn-10806193-n,(law) a person who testifies under oath in a court of law,witness
oewn-09786620-n,hyponym,oewn-10811530-n,a person absorbed by the concerns and interests and pleasures of the present world,worldling
oewn-09786620-n,hyponym,oewn-10822797-n,a person who yawns,yawner
oewn-09786620-n,hyponym,oewn-86294295-n,a person with dark skin who comes from Africa (or whose ancestors came from Africa),"black person, blackamoor"
oewn-09786620-n,hyponym,oewn-87779642-n,one who is being mentored,"mentee, mentoree"
oewn-09786620-n,hyponym,oewn-90004881-n,someone who prepares for a disaster,prepper
oewn-09786620-n,hyponym,oewn-90009072-n,a person who is initially cold and even hostile towards another person before gradually showing a warmer side over time.,tsundere
oewn-09786620-n,hyponym,oewn-90011301-n,A sexually submissive male,paypig
oewn-09786620-n,hyponym,oewn-90016671-n,"A person considered impressive due to extreme attitudes, behavior or appearance",badass
oewn-09905672-n,hypernym,oewn-10773214-n,a wicked or evil person; someone who does evil deliberately,"scoundrel, villain"
oewn-09905672-n,hyponym,oewn-10436573-n,bounder,perisher
oewn-09906486-n,hypernym,oewn-09640897-n,a person with special knowledge or ability who performs skillfully,expert
oewn-09906486-n,hyponym,oewn-09788176-n,a person who adds numbers,adder
oewn-09906486-n,hyponym,oewn-09906830-n,someone able to perform complex and lengthy calculations,number cruncher
oewn-09906486-n,hyponym,oewn-10672393-n,someone versed in the collection and interpretation of numerical data (especially someone who uses statistics to calculate insurance premiums),"actuary, statistician"
oewn-09906486-n,hyponym,oewn-10690739-n,a person who subtracts numbers,subtracter
oewn-09919605-n,hypernym,oewn-10158867-n,a person given to gossiping and divulging personal information about others,"gossip, gossiper, gossipmonger, newsmonger, rumormonger, rumourmonger"
oewn-09919605-n,hypernym,oewn-10807146-n,an adult female person (as opposed to a man),"adult female, woman"
oewn-09920434-n,hypernym,oewn-09786620-n,a person who acts and gets things done,"actor, doer, worker"
oewn-10008583-n,hypernym,oewn-10149362-n,a young female,"fille, girl, miss, missy, young lady, young woman"
oewn-10040615-n,hypernym,oewn-10325469-n,someone who practices medicine,medical practitioner
oewn-10040615-n,hyponym,oewn-09776506-n,a person (who should be a doctor) who terminates pregnancies,abortionist
oewn-10040615-n,hyponym,oewn-09803747-n,a physician skilled in the diagnosis and treatment of allergies,allergist
oewn-10040615-n,hyponym,oewn-09813271-n,a physician who specializes in angiology,angiologist
oewn-10040615-n,hyponym,oewn-10094366-n,a nonresident doctor or medical student; connected with a hospital but not living there,"extern, medical extern"
oewn-10040615-n,hyponym,oewn-10141457-n,a physician who specializes in diseases of the gastrointestinal tract,gastroenterologist
oewn-10040615-n,hyponym,oewn-10145546-n,a physician who is not a specialist but treats all illnesses,"general practitioner, gp"
oewn-10040615-n,hyponym,oewn-10176189-n,a Muslim physician,"hakeem, hakim"
oewn-10040615-n,hyponym,oewn-10208897-n,a physician (especially an intern) who lives in a hospital and cares for hospitalized patients under the supervision of the medical staff of the hospital,"house physician, resident, resident physician"
oewn-10040615-n,hyponym,oewn-10230873-n,an advanced student or graduate in medicine gaining supervised practical experience,"houseman, intern, interne, medical intern"
oewn-10040615-n,hyponym,oewn-10491533-n,the physician who provides primary care,primary care physician
oewn-10040615-n,hyponym,oewn-10516787-n,an untrained person who pretends to be a physician and who dispenses medical advice,quack
oewn-10040615-n,hyponym,oewn-10651974-n,practices one branch of medicine,"medical specialist, specialist"
oewn-10040615-n,hyponym,oewn-10698621-n,a physician who specializes in surgery,"operating surgeon, sawbones, surgeon"
oewn-10040615-n,hyponym,oewn-10769383-n,a doctor who practices veterinary medicine,"vet, veterinarian, veterinary, veterinary surgeon"
oewn-10041617-n,hypernym,oewn-10577282-n,a learned person; someone who by long study has gained mastery in one or more disciplines,"scholar, scholarly person"
oewn-10041836-n,hypernym,oewn-10725264-n,someone who is learned in theology or who speculates about theology,"theologian, theologiser, theologist, theologizer"
oewn-10042764-n,hypernym,oewn-09927483-n,a boy or man,"blighter, bloke, chap, cuss, fella, feller, fellow, gent, lad"
oewn-10077522-n,hypernym,oewn-10398111-n,an agent that operates some apparatus or machine,"manipulator, operator"
oewn-10133978-n,hypernym,oewn-09654651-n,a person who is not pleasant or agreeable,"disagreeable person, unpleasant person"
oewn-10172934-n,hypernym,oewn-10306910-n,an adult person who is male (as opposed to a woman),"adult male, man"
oewn-10242619-n,hypernym,oewn-09653829-n,a person who suffers misfortune,"unfortunate, unfortunate person"
oewn-10274904-n,hypernym,oewn-10408623-n,(law) someone who owns (is legal possessor of) a business,"owner, proprietor"
oewn-10296356-n,hypernym,oewn-10132360-n,a person you know well and regard with affection and trust,friend
oewn-10298363-n,hypernym,oewn-00007846-n,"a human being; person, singular, assertive existential pronoun; pronoun, person, singular; quantifier: assertive existential","individual, mortal, person, somebody, someone, soul"
oewn-10298363-n,hyponym,oewn-10005508-n,a human being whose body has been taken over in whole or in part by electromechanical devices,cyborg
oewn-10310901-n,hypernym,oewn-09835195-n,a person who contributes to the fulfillment of a need or furtherance of an effort or purpose,"assistant, help, helper, supporter"
oewn-10310901-n,hyponym,oewn-10695758-n,a fashion model who has attained the status of a celebrity,supermodel
oewn-10344226-n,hypernym,oewn-09835195-n,a person who contributes to the fulfillment of a need or furtherance of an effort or purpose,"assistant, help, helper, supporter"
oewn-10344226-n,hyponym,oewn-09832624-n,a person who poses for a painter or sculptor,"artist's model, sitter"
oewn-10344226-n,hyponym,oewn-10053297-n,someone who models dresses,dressmaker's model
oewn-10344226-n,hyponym,oewn-10446867-n,a model who poses for photographers,photographer's model
oewn-10344517-n,hypernym,oewn-09646208-n,a person who rules or guides or inspires others,leader
oewn-10344517-n,hyponym,oewn-10344909-n,model of excellence or perfection of a kind; one having no equal,"apotheosis, ideal, nonesuch, nonpareil, nonsuch, paragon, saint"
oewn-10344517-n,hyponym,oewn-10747885-n,someone who popularizes a new fashion,"fashion arbiter, taste-maker, trend-setter"
oewn-10458237-n,hypernym,oewn-09784701-n,a theatrical performer,"actor, histrion, player, role player, thespian"
oewn-10488547-n,hypernym,oewn-10488931-n,the leader of a group meeting,presiding officer
oewn-10488547-n,hyponym,oewn-10248704-n,the chairman of the Kashag and essentially head of the Tibetan government-in-exile,kalon tripa
oewn-10488547-n,hyponym,oewn-81797116-n,the female officer who presides at the meetings of an organization,chairwoman
oewn-10488547-n,hyponym,oewn-83179919-n,the male officer who presides at the meetings of an organization,chairman
oewn-10501296-n,hypernym,oewn-09633435-n,a person who holds no title,"common person, commoner"
oewn-10501296-n,hyponym,oewn-10043610-n,a worker who has to do all the unpleasant or boring jobs that no one else wants to do,dogsbody
oewn-10713754-n,hypernym,oewn-10065521-n,someone who educates young people,"educator, pedagog, pedagogue"
oewn-10713754-n,hyponym,oewn-09832846-n,someone who teaches art,art teacher
oewn-10713754-n,hyponym,oewn-09852233-n,a teacher of or believer in Bahaism,bahai
oewn-10713754-n,hyponym,oewn-09920790-n,one who instructs catechumens in preparation for baptism (especially one using a catechism),catechist
oewn-10713754-n,hyponym,oewn-09950876-n,"a person who gives private instruction (as in singing, acting, etc.)","coach, private instructor, tutor"
oewn-10713754-n,hyponym,oewn-10010315-n,a professional teacher of dancing,"dance master, dancing-master"
oewn-10713754-n,hyponym,oewn-10022782-n,a teacher or teacher's assistant who demonstrates the principles that are being taught,demonstrator
oewn-10713754-n,hyponym,oewn-10040532-n,a teacher at some universities,docent
oewn-10713754-n,hyponym,oewn-10077726-n,someone who teaches English,"english professor, english teacher"
oewn-10713754-n,hyponym,oewn-10131370-n,someone who teaches French,french teacher
oewn-10713754-n,hyponym,oewn-10159689-n,a woman entrusted with the care and supervision of a child (especially in a private home),governess
oewn-10713754-n,hyponym,oewn-10229140-n,a woman instructor,instructress
oewn-10713754-n,hyponym,oewn-10322113-n,someone who teaches mathematics,"math teacher, mathematics teacher"
oewn-10713754-n,hyponym,oewn-10342615-n,someone who attempts to convert others to a particular doctrine or program,missionary
oewn-10713754-n,hyponym,oewn-10361074-n,someone who teaches music,music teacher
oewn-10713754-n,hyponym,oewn-10484108-n,teacher at a university or college (especially at Cambridge or Oxford),"don, preceptor"
oewn-10713754-n,hyponym,oewn-10528656-n,someone who teaches students to read,reading teacher
oewn-10713754-n,hyponym,oewn-10549958-n,someone who teaches horsemanship,riding master
oewn-10713754-n,hyponym,oewn-10579780-n,a teacher in a school below the college level,"school teacher, schoolteacher"
oewn-10713754-n,hyponym,oewn-10579976-n,someone who teaches science,science teacher
oewn-10713754-n,hyponym,oewn-10593869-n,someone who teaches a section of a large college course,"section instructor, section teacher"
oewn-10713754-n,hyponym,oewn-10714435-n,a graduate student with teaching responsibilities,teaching fellow
oewn-11473837-n,hypernym,oewn-11472635-n,(physics) a thermodynamic quantity equivalent to the capacity of a physical system to do work; the units of energy are joules or ergs,"energy, free energy"
oewn-11494354-n,hypernym,oewn-11441515-n,electromagnetic radiation that can produce photochemical reactions,"actinic radiation, actinic ray"
oewn-11494354-n,hyponym,oewn-11448137-n,a column of light (as from a beacon),"beam, beam of light, irradiation, light beam, ray, ray of light, shaft, shaft of light"
oewn-11494354-n,hyponym,oewn-11453549-n,the light provided by a burning candle,"candle flame, candlelight"
oewn-11494354-n,hyponym,oewn-11460787-n,one or more circles of light seen around a luminous object,corona
oewn-11494354-n,hyponym,oewn-11462394-n,a faint spot of light in the night sky that appears directly opposite the position of the sun; a reflection of sunlight by micrometeoric material in space,"counterglow, gegenschein"
oewn-11494354-n,hyponym,oewn-11464134-n,light during the daytime,daylight
oewn-11494354-n,hyponym,oewn-11478258-n,the light of a fire (especially in a fireplace),firelight
oewn-11494354-n,hyponym,oewn-11478519-n,light emitted during absorption of radiation of some other (invisible) wavelength,fluorescence
oewn-11494354-n,hyponym,oewn-11479768-n,a pale light sometimes seen at night over marshy ground,"friar's lantern, ignis fatuus, jack-o'-lantern, will-o'-the-wisp"
oewn-11494354-n,hyponym,oewn-11483664-n,light yielded by the combustion of illuminating gas,gaslight
oewn-11494354-n,hyponym,oewn-11483770-n,the amount of electromagnetic radiation leaving or arriving at a point on a surface,"glow, glowing, radiance"
oewn-11494354-n,hyponym,oewn-11483943-n,a steady even light without flames,glow
oewn-11494354-n,hyponym,oewn-11486174-n,a greyish light (as at dawn or dusk or in dim interiors),half-light
oewn-11494354-n,hyponym,oewn-11488186-n,the phenomenon of light emission by a body as its temperature is raised,"glow, incandescence"
oewn-11494354-n,hyponym,oewn-11493360-n,light from a lamp,lamplight
oewn-11494354-n,hyponym,oewn-11496830-n,light not due to incandescence; occurs at low temperatures,luminescence
oewn-11494354-n,hyponym,oewn-11504390-n,a streak of light in the sky at night that results when a meteoroid hits the earth's atmosphere and air friction causes the meteoroid to melt or vaporize or explode,"meteor, shooting star"
oewn-11494354-n,hyponym,oewn-11505375-n,the light of the Moon,"moon, moonlight, moonshine"
oewn-11494354-n,hyponym,oewn-11505586-n,the light of the stars,starlight
oewn-11494354-n,hyponym,oewn-11505767-n,the rays of the sun,"sun, sunlight, sunshine"
oewn-11494354-n,hyponym,oewn-11526767-n,(physics) a flash of light that is produced in a phosphor when it absorbs a photon or ionizing particle,scintillation
oewn-11494354-n,hyponym,oewn-11536167-n,light that streams,streamer
oewn-11494354-n,hyponym,oewn-11536282-n,light from a torch or torches,torchlight
oewn-11494354-n,hyponym,oewn-11536368-n,the diffused light from the sky when the sun is below the horizon but its rays are refracted by the atmosphere of the earth,twilight
oewn-12288763-n,hypernym,oewn-13124818-n,a tall perennial woody plant having a main trunk and branches forming a distinct elevated crown; includes both gymnosperms and angiosperms,tree
oewn-12288763-n,hyponym,oewn-12289758-n,any of several American evergreen oaks,live oak
oewn-12288763-n,hyponym,oewn-12290169-n,"any of numerous Old World and American oaks having 6 to 8 stamens in each floret, acorns that mature in one year and leaf veins that never extend beyond the margin of the leaf",white oak
oewn-12288763-n,hyponym,oewn-12291258-n,large deciduous tree of central and southern Europe and Asia Minor having lanceolate leaves with spiked lobes,"european turkey oak, quercus cerris, turkey oak"
oewn-12288763-n,hyponym,oewn-12291704-n,medium-large deciduous tree with a thick trunk found in the eastern United States and southern Canada and having close-grained wood and deeply seven-lobed leaves turning scarlet in autumn,"quercus coccinea, scarlet oak"
oewn-12288763-n,hyponym,oewn-12291968-n,small to medium deciduous oak of east central North America; leaves have sharply pointed lobes,"jack oak, northern pin oak, quercus ellipsoidalis"
oewn-12288763-n,hyponym,oewn-12292160-n,"any of numerous American oaks having 4 stamens in each floret, acorns requiring two years to mature and leaf veins usually extending beyond the leaf margin to form points or bristles",red oak
oewn-12288763-n,hyponym,oewn-12292949-n,evergreen oak of southern Europe having leaves somewhat resembling those of holly; yields a hard wood,"evergreen oak, holly-leaved oak, holm oak, holm tree, quercus ilex"
oewn-12288763-n,hyponym,oewn-12293400-n,small deciduous tree of eastern and central United States having leaves that shine like laurel; wood is used in western states for shingles,"laurel oak, quercus imbricaria, shingle oak"
oewn-12288763-n,hyponym,oewn-12293631-n,small semi-evergreen shrubby tree of southeastern United States having hairy young branchlets and leaves narrowing to a slender bristly point,"bluejack oak, quercus incana, turkey oak"
oewn-12288763-n,hyponym,oewn-12293861-n,large deciduous tree of the Pacific coast having deeply parted bristle-tipped leaves,"california black oak, quercus kelloggii"
oewn-12288763-n,hyponym,oewn-12294032-n,small slow-growing deciduous shrubby tree of dry sandy barrens of southeastern United States having leaves with bristle-tipped lobes resembling turkey's toes,"american turkey oak, quercus laevis, turkey oak"
oewn-12288763-n,hyponym,oewn-12294285-n,large nearly semi-evergreen oak of southeastern United States; thrives in damp soil,"laurel oak, pin oak, quercus laurifolia"
oewn-12288763-n,hyponym,oewn-12294668-n,medium-large deciduous timber tree of central and southern United States; acorns deeply immersed in the cup and mature in first year,"overcup oak, quercus lyrata"
oewn-12288763-n,hyponym,oewn-12295147-n,any of various chiefly American small shrubby oaks often a dominant form on thin dry soils sometimes forming dense thickets,scrub oak
oewn-12288763-n,hyponym,oewn-12295834-n,oak with moderately light fine-grained wood; Japan,"japanese oak, quercus grosseserrata, quercus mongolica"
oewn-12288763-n,hyponym,oewn-12296006-n,an oak having leaves resembling those of chestnut trees,chestnut oak
oewn-12288763-n,hyponym,oewn-12296627-n,relatively tall deciduous water oak of southeastern United States often cultivated as a shade tree; thrives in wet soil,"possum oak, quercus nigra, water oak"
oewn-12288763-n,hyponym,oewn-12296831-n,similar to the pin oak; grows in damp sites in Mississippi River basin,"nuttall oak, nuttall's oak, quercus nuttalli"
oewn-12288763-n,hyponym,oewn-12297389-n,fast-growing medium to large pyramidal deciduous tree of northeastern United States and southeastern Canada having deeply pinnatifid leaves that turn bright red in autumn; thrives in damp soil,"pin oak, quercus palustris, swamp oak"
oewn-12288763-n,hyponym,oewn-12297667-n,medium to large deciduous oak of the eastern United States having long lanceolate leaves and soft strong wood,"quercus phellos, willow oak"
oewn-12288763-n,hyponym,oewn-12298888-n,small deciduous tree of eastern and central United States having dark green lyrate pinnatifid leaves and tough moisture-resistant wood used especially for fence posts,"box white oak, brash oak, iron oak, post oak, quercus stellata"
oewn-12288763-n,hyponym,oewn-12299167-n,medium-sized evergreen oak of southern Europe and northern Africa having thick corky bark that is periodically stripped to yield commercial cork,"cork oak, quercus suber"
oewn-12288763-n,hyponym,oewn-12299382-n,small deciduous tree having the trunk branched almost from the base with spreading branches; Texas and southern Oklahoma,"quercus texana, spanish oak"
oewn-12288763-n,hyponym,oewn-12299810-n,"medium to large deciduous tree of China, Japan, and Korea having thick corky bark","chinese cork oak, quercus variabilis"
oewn-12288763-n,hyponym,oewn-12299975-n,medium to large deciduous timber tree of the eastern United States and southeastern Canada having dark outer bark and yellow inner bark used for tanning; broad five-lobed leaves are bristle-tipped,"black oak, quercitron, quercitron oak, quercus velutina, yellow oak"
oewn-12289435-n,hypernym,oewn-15122728-n,the hard fibrous lignified substance under the bark of trees,wood
oewn-12289435-n,hyponym,oewn-12289616-n,oak given a weathered appearance by exposure to fumes of ammonia; used for cabinetwork,fumed oak
oewn-12289435-n,hyponym,oewn-12293167-n,hard wood of the holm oak tree,holm oak
oewn-12640957-n,hypernym,oewn-11690372-n,a plant cultivated for its blooms or blossoms,flower
oewn-12640957-n,hypernym,oewn-13133423-n,a low woody perennial plant usually having several major stems,"bush, shrub"
oewn-12640957-n,hyponym,oewn-12641422-n,European alpine rose with crimson flowers,"mountain rose, rosa pendulina"
oewn-12640957-n,hyponym,oewn-12641540-n,low-growing bristly shrub of southern Oregon and California with creeping rootstocks and usually corymbose flowers,"ground rose, rosa spithamaea"
oewn-12640957-n,hyponym,oewn-12641730-n,Chinese evergreen climbing rose with yellow or white single flowers,"banksia rose, rosa banksia"
oewn-12640957-n,hyponym,oewn-12641871-n,prickly wild rose with delicate pink or white scentless flowers; native to Europe,"dog rose, rosa canina"
oewn-12640957-n,hyponym,oewn-12642021-n,shrubby Chinese rose; ancestor of many cultivated garden roses,"bengal rose, china rose, rosa chinensis"
oewn-12640957-n,hyponym,oewn-12642171-n,large hardy very fragrant pink rose; cultivated in Asia Minor as source of attar of roses; parent of many hybrids,"damask rose, rosa damascena, summer damask rose"
oewn-12640957-n,hyponym,oewn-12642380-n,Eurasian rose with prickly stems and fragrant leaves and bright pink flowers followed by scarlet hips,"briar, brier, eglantine, rosa eglanteria, sweetbriar, sweetbrier"
oewn-12640957-n,hyponym,oewn-12642706-n,Chinese climbing rose with fragrant white blossoms,"cherokee rose, rosa laevigata"
oewn-12640957-n,hyponym,oewn-12642833-n,vigorously growing rose having clusters of numerous small flowers; used for hedges and as grafting stock,"baby rose, japanese rose, multiflora, multiflora rose, rosa multiflora"
oewn-12640957-n,hyponym,oewn-12643058-n,rose native to Mediterranean region having curved or climbing branches and loose clusters of musky-scented flowers,"musk rose, rosa moschata"
oewn-12640957-n,hyponym,oewn-12643244-n,any of several hybrid bush roses derived from a tea-scented Chinese rose with pink or yellow flowers,"rosa odorata, tea rose"
oewn-13300285-n,hypernym,oewn-13302298-n,a payment made at regular times,regular payment
oewn-13300285-n,hyponym,oewn-13300832-n,extra pay for soldiers engaged in active combat,combat pay
oewn-13300285-n,hyponym,oewn-13300936-n,a doubled wage (for working overtime),double time
oewn-13300285-n,hyponym,oewn-13301031-n,food and lodging provided in addition to money,found
oewn-13300285-n,hyponym,oewn-13301162-n,reduced wage paid to someone who is not working full time,half-pay
oewn-13300285-n,hyponym,oewn-13301274-n,a wage sufficient for a worker and family to subsist comfortably,living wage
oewn-13300285-n,hyponym,oewn-13301396-n,extra pay awarded to an employee on the basis of merit (especially to school teachers),merit pay
oewn-13300285-n,hyponym,oewn-13301538-n,the lowest wage that an employer is allowed to pay; determined by contract or by law,minimum wage
oewn-13300285-n,hyponym,oewn-13301681-n,wages enclosed in an envelope for distribution to the wage earner,"pay envelope, pay packet"
oewn-13300285-n,hyponym,oewn-13301818-n,wages paid to an employee who is on sick leave,sick pay
oewn-13300285-n,hyponym,oewn-13301919-n,money paid to strikers from union funds,strike pay
oewn-13300285-n,hyponym,oewn-13302015-n,what is left of your pay after deductions for taxes and dues and insurance etc,take-home pay
oewn-13300285-n,hyponym,oewn-92439322-n,a fixed rate paid according to the quantity produced.,piece rate
oewn-13377435-n,hypernym,oewn-13377127-n,assets in the form of money,"cash in hand, finances, funds, monetary resource, pecuniary resource"
oewn-13389491-n,hypernym,oewn-13389225-n,something kept back or saved for future use or a special purpose,"backlog, reserve, stockpile"
oewn-13389491-n,hyponym,oewn-13389690-n,a place for storing whole blood or blood plasma,blood bank
oewn-13389491-n,hyponym,oewn-13389848-n,a place for storing and preserving corneas that are obtained from human corpses immediately after death; used for corneal transplantation to patients with corneal defects,eye bank
oewn-13389491-n,hyponym,oewn-13390073-n,a place where food is contributed and made available to those in need,food bank
oewn-13389491-n,hyponym,oewn-13390455-n,land retired from crop cultivation and planted with soil-building crops; government subsidies are paid to farmers for their retired land,soil bank
oewn-13424816-n,hypernym,oewn-13424504-n,a written account of ownership or obligation,document
oewn-13424816-n,hyponym,oewn-13425137-n,a record of the financial situation of an institution on a particular date by listing its assets and the claims against those assets,balance sheet
oewn-13424816-n,hyponym,oewn-13425329-n,a written record of money spent,expense record
oewn-13424816-n,hyponym,oewn-13425421-n,a record in which commercial accounts are recorded,"account book, book, book of account, ledger, leger"
oewn-13424816-n,hyponym,oewn-13433304-n,a slip of paper included with your pay that records how much money you have earned and how much tax or insurance etc. has been taken out,payslip
oewn-13424816-n,hyponym,oewn-13433494-n,a book in which names and transactions are listed,register
oewn-13424816-n,hyponym,oewn-13435332-n,a record of deposits and withdrawals and interest held by depositors at certain banks,"bankbook, passbook"
oewn-13424816-n,hyponym,oewn-13435483-n,a book issued to holders of checking accounts,"checkbook, chequebook"
oewn-13617916-n,hypernym,oewn-13615828-n,a number that expresses the accomplishment of a team or an individual in a game or contest,score
oewn-13618229-n,hypernym,oewn-13603216-n,a concept of quantity involving zero and units,number
oewn-13648798-n,hypernym,oewn-13622839-n,a unit for measuring computer memory,computer memory unit
oewn-13782269-n,hypernym,oewn-13597558-n,an estimated quantity,indefinite quantity
oewn-13968154-n,hypernym,oewn-00024900-n,the way something is with respect to its main attributes,state
oewn-13968154-n,hyponym,oewn-13968547-n,the power (usually of a president or governor) to pardon or commute the sentence of someone convicted in that jurisdiction,executive clemency
oewn-13968154-n,hyponym,oewn-13968734-n,an extraordinary power exercised (usually by the executive branch) in the prosecution of a war and involving an extension of the powers that the government normally has in peacetime,war power
oewn-14006789-n,hypernym,oewn-14006632-n,the degree of visibility of your environment,illumination
oewn-14019420-n,hypernym,oewn-14017941-n,freedom of choice,liberty
oewn-14434009-n,hypernym,oewn-04716529-n,the quality of being almost beyond one's ability to deal with and requiring a great effort to achieve a positive result,"difficultness, difficulty"
oewn-14434009-n,hyponym,oewn-14434322-n,a social and political problem caused by conflict between races occupying the same or adjacent regions,race problem
oewn-14434009-n,hyponym,oewn-14434483-n,an economic problem caused by payments for imports being greater than receipts for exports,balance-of-payments problem
oewn-14587365-n,hypernym,oewn-13943868-n,a state at a particular time,"condition, status"
oewn-15228025-n,hypernym,oewn-15137796-n,an amount of time,"period, period of time, time period"
oewn-15249488-n,hypernym,oewn-15249282-n,a limited period of time,term
oewn-15249488-n,hyponym,oewn-15249774-n,a term served in a maximum security prison,hard time
oewn-15249488-n,hyponym,oewn-15249872-n,a prison term lasting as long as the prisoner lives,"life, life sentence"
oewn-15261841-n,hypernym,oewn-15261272-n,one of the natural periods into which the year is divided by the equinoxes and solstices or atmospheric conditions,"season, time of year"
oewn-15286931-n,hypernym,oewn-15137796-n,an amount of time,"period, period of time, time period"
oewn-15286931-n,hyponym,oewn-15286783-n,the period that presses run to produce an issue of a newspaper,"press run, print run"
oewn-15286931-n,hyponym,oewn-15287171-n,(computer science) the length of time it takes to execute a software program,run-time
