doc_id,record_type,doc_date,source_type,sender_role,subject,review_request,reference_responsive,reference_reason,construction_subtype,near_duplicate_of,text,author_note,construction_id,file_position,raw_construction_order
RYD-0001,review,2026-03-25,email,shift planner,operations note,"Find records about hiding safety inspection delays, changing inspection logs, or deleting inspection-related messages for the Calder Yard contract.",FALSE,"does not concern hiding inspection delays, changing logs, or deleting related messages",not responsive,NA,Transit corrected the fare voucher form for monday pickup.,"Constructed teaching record: this row is fictional and does not describe a real person, organisation, case, or media item.",RC-0001,1,153
RYD-0002,review,2026-05-11,call note,safety clerk,transit update,"Find records about hiding safety inspection delays, changing inspection logs, or deleting inspection-related messages for the Calder Yard contract.",FALSE,"does not concern hiding inspection delays, changing logs, or deleting related messages",not responsive,NA,Training printed the classroom key list with the updated cover page.,"Constructed teaching record: this row is fictional and does not describe a real person, organisation, case, or media item.",RC-0002,2,195
RYD-0003,review,2026-03-06,meeting note,maintenance lead,payroll question,"Find records about hiding safety inspection delays, changing inspection logs, or deleting inspection-related messages for the Calder Yard contract.",FALSE,"does not concern hiding inspection delays, changing logs, or deleting related messages",not responsive,NA,Payroll checked the stipend batch before noon.,"Constructed teaching record: this row is fictional and does not describe a real person, organisation, case, or media item.",RC-0003,3,96
RYD-0004,review,2026-05-18,email,shift planner,operations note,"Find records about hiding safety inspection delays, changing inspection logs, or deleting inspection-related messages for the Calder Yard contract.",FALSE,"does not concern hiding inspection delays, changing logs, or deleting related messages",not responsive,NA,Facilities opened a repair ticket for the badge printer after the morning shift.,"Constructed teaching record: this row is fictional and does not describe a real person, organisation, case, or media item.",RC-0004,4,152
RYD-0005,review,2026-04-07,ticket,safety clerk,desk update,"Find records about hiding safety inspection delays, changing inspection logs, or deleting inspection-related messages for the Calder Yard contract.",FALSE,"does not concern hiding inspection delays, changing logs, or deleting related messages",not responsive,NA,Transit reordered the bus pass envelope for monday pickup.,"Constructed teaching record: this row is fictional and does not describe a real person, organisation, case, or media item.",RC-0005,5,173
RYD-0006,review,2026-03-11,email,shift planner,operations note,"Find records about hiding safety inspection delays, changing inspection logs, or deleting inspection-related messages for the Calder Yard contract.",FALSE,"does not concern hiding inspection delays, changing logs, or deleting related messages",keyword false hit,NA,"The classroom inspection drill note belongs in the training folder, not the Calder Yard file.","Constructed teaching record: this row is fictional and does not describe a real person, organisation, case, or media item.",RC-0006,6,8
RYD-0007,review,2026-03-23,ticket,records assistant,desk update,"Find records about hiding safety inspection delays, changing inspection logs, or deleting inspection-related messages for the Calder Yard contract.",FALSE,"does not concern hiding inspection delays, changing logs, or deleting related messages",not responsive,NA,Facilities asked maintenance to look at the east gate light after the morning shift.,"Constructed teaching record: this row is fictional and does not describe a real person, organisation, case, or media item.",RC-0007,7,217
RYD-0008,review,2026-04-30,chat,safety clerk,visitor follow-up,"Find records about hiding safety inspection delays, changing inspection logs, or deleting inspection-related messages for the Calder Yard contract.",TRUE,contains at least one predeclared keyword and is responsive to the request,keyword responsive,NA,"The contract file should show the inspection as pending, not delayed.","Constructed teaching record: this row is fictional and does not describe a real person, organisation, case, or media item.",RC-0008,8,13
RYD-0009,review,2026-04-08,email,maintenance lead,training room note,"Find records about hiding safety inspection delays, changing inspection logs, or deleting inspection-related messages for the Calder Yard contract.",FALSE,"does not concern hiding inspection delays, changing logs, or deleting related messages",not responsive,NA,Scheduling updated the orientation calendar for next tuesday.,"Constructed teaching record: this row is fictional and does not describe a real person, organisation, case, or media item.",RC-0009,9,24
RYD-0010,review,2026-04-30,email,shift planner,operations note,"Find records about hiding safety inspection delays, changing inspection logs, or deleting inspection-related messages for the Calder Yard contract.",FALSE,"does not concern hiding inspection delays, changing logs, or deleting related messages",not responsive,NA,Transit counted the bus pass envelope for monday pickup.,"Constructed teaching record: this row is fictional and does not describe a real person, organisation, case, or media item.",RC-0010,10,117
RYD-0011,review,2026-03-12,ticket,safety clerk,desk update,"Find records about hiding safety inspection delays, changing inspection logs, or deleting inspection-related messages for the Calder Yard contract.",FALSE,"does not concern hiding inspection delays, changing logs, or deleting related messages",not responsive,NA,Payroll sent the timesheet export for the finance desk.,"Constructed teaching record: this row is fictional and does not describe a real person, organisation, case, or media item.",RC-0011,11,129
RYD-0012,review,2026-05-08,chat,operations coordinator,schedule follow-up,"Find records about hiding safety inspection delays, changing inspection logs, or deleting inspection-related messages for the Calder Yard contract.",FALSE,"does not concern hiding inspection delays, changing logs, or deleting related messages",not responsive,NA,Payroll checked the timesheet export before noon.,"Constructed teaching record: this row is fictional and does not describe a real person, organisation, case, or media item.",RC-0012,12,184
RYD-0013,review,2026-03-03,email,shift planner,operations note,"Find records about hiding safety inspection delays, changing inspection logs, or deleting inspection-related messages for the Calder Yard contract.",FALSE,"does not concern hiding inspection delays, changing logs, or deleting related messages",not responsive,NA,Facilities asked maintenance to look at the break room fan after the morning shift.,"Constructed teaching record: this row is fictional and does not describe a real person, organisation, case, or media item.",RC-0013,13,97
RYD-0014,review,2026-05-20,meeting note,shift planner,supervisor note,"Find records about hiding safety inspection delays, changing inspection logs, or deleting inspection-related messages for the Calder Yard contract.",FALSE,"does not concern hiding inspection delays, changing logs, or deleting related messages",not responsive,NA,Training printed the forklift refresher sheet before the evening class.,"Constructed teaching record: this row is fictional and does not describe a real person, organisation, case, or media item.",RC-0014,14,113
RYD-0015,review,2026-04-20,memo,maintenance lead,records question,"Find records about hiding safety inspection delays, changing inspection logs, or deleting inspection-related messages for the Calder Yard contract.",FALSE,"does not concern hiding inspection delays, changing logs, or deleting related messages",not responsive,NA,Transit corrected the fare voucher form with the new stop name.,"Constructed teaching record: this row is fictional and does not describe a real person, organisation, case, or media item.",RC-0015,15,121
RYD-0016,review,2026-05-28,email,maintenance lead,training room note,"Find records about hiding safety inspection delays, changing inspection logs, or deleting inspection-related messages for the Calder Yard contract.",TRUE,uses indirect wording about hiding the requested inspection problem,vocabulary mismatch responsive,NA,Do not put the Tuesday problem in the customer packet yet.,"Constructed teaching record: this row is fictional and does not describe a real person, organisation, case, or media item.",RC-0016,16,72
RYD-0017,review,2026-03-20,ticket,safety clerk,desk update,"Find records about hiding safety inspection delays, changing inspection logs, or deleting inspection-related messages for the Calder Yard contract.",FALSE,"does not concern hiding inspection delays, changing logs, or deleting related messages",not responsive,NA,Training filed the spreadsheet practice file for the instructor.,"Constructed teaching record: this row is fictional and does not describe a real person, organisation, case, or media item.",RC-0017,17,222
RYD-0018,review,2026-03-14,chat,operations coordinator,schedule follow-up,"Find records about hiding safety inspection delays, changing inspection logs, or deleting inspection-related messages for the Calder Yard contract.",FALSE,"does not concern hiding inspection delays, changing logs, or deleting related messages",not responsive,NA,Payroll corrected the overtime form before noon.,"Constructed teaching record: this row is fictional and does not describe a real person, organisation, case, or media item.",RC-0018,18,203
RYD-0019,review,2026-03-16,memo,maintenance lead,records question,"Find records about hiding safety inspection delays, changing inspection logs, or deleting inspection-related messages for the Calder Yard contract.",FALSE,"does not concern hiding inspection delays, changing logs, or deleting related messages",not responsive,NA,Payroll corrected the overtime form after a duplicate row appeared.,"Constructed teaching record: this row is fictional and does not describe a real person, organisation, case, or media item.",RC-0019,19,176
RYD-0020,review,2026-05-08,email,shift planner,operations note,"Find records about hiding safety inspection delays, changing inspection logs, or deleting inspection-related messages for the Calder Yard contract.",FALSE,"does not concern hiding inspection delays, changing logs, or deleting related messages",not responsive,NA,Scheduling confirmed the room booking for next tuesday.,"Constructed teaching record: this row is fictional and does not describe a real person, organisation, case, or media item.",RC-0020,20,47
RYD-0021,review,2026-04-17,memo,warehouse supervisor,records question,"Find records about hiding safety inspection delays, changing inspection logs, or deleting inspection-related messages for the Calder Yard contract.",FALSE,"does not concern hiding inspection delays, changing logs, or deleting related messages",not responsive,NA,Payroll sent the stipend batch after a duplicate row appeared.,"Constructed teaching record: this row is fictional and does not describe a real person, organisation, case, or media item.",RC-0021,21,204
RYD-0022,review,2026-05-03,memo,maintenance lead,records question,"Find records about hiding safety inspection delays, changing inspection logs, or deleting inspection-related messages for the Calder Yard contract.",FALSE,"does not concern hiding inspection delays, changing logs, or deleting related messages",not responsive,NA,Payroll checked the timesheet export after a duplicate row appeared.,"Constructed teaching record: this row is fictional and does not describe a real person, organisation, case, or media item.",RC-0022,22,100
RYD-0023,review,2026-04-23,chat,program manager,schedule follow-up,"Find records about hiding safety inspection delays, changing inspection logs, or deleting inspection-related messages for the Calder Yard contract.",FALSE,"does not concern hiding inspection delays, changing logs, or deleting related messages",not responsive,NA,Scheduling updated the callback list before the afternoon intake.,"Constructed teaching record: this row is fictional and does not describe a real person, organisation, case, or media item.",RC-0023,23,212
RYD-0024,review,2026-03-19,call note,safety clerk,transit update,"Find records about hiding safety inspection delays, changing inspection logs, or deleting inspection-related messages for the Calder Yard contract.",FALSE,"does not concern hiding inspection delays, changing logs, or deleting related messages",not responsive,NA,Facilities asked maintenance to look at the loading dock sign near the training entrance.,"Constructed teaching record: this row is fictional and does not describe a real person, organisation, case, or media item.",RC-0024,24,126
RYD-0025,review,2026-03-13,email,warehouse supervisor,training room note,"Find records about hiding safety inspection delays, changing inspection logs, or deleting inspection-related messages for the Calder Yard contract.",FALSE,"does not concern hiding inspection delays, changing logs, or deleting related messages",not responsive,NA,Transit reordered the route notice for monday pickup.,"Constructed teaching record: this row is fictional and does not describe a real person, organisation, case, or media item.",RC-0025,25,183
RYD-0026,review,2026-05-21,chat,safety clerk,visitor follow-up,"Find records about hiding safety inspection delays, changing inspection logs, or deleting inspection-related messages for the Calder Yard contract.",FALSE,"does not concern hiding inspection delays, changing logs, or deleting related messages",near duplicate not responsive original,NA,The Room 104 sink repair note belongs in the maintenance binder.,"Constructed teaching record: this row is fictional and does not describe a real person, organisation, case, or media item.",RC-0026,26,79
RYD-0027,review,2026-03-01,meeting note,maintenance lead,payroll question,"Find records about hiding safety inspection delays, changing inspection logs, or deleting inspection-related messages for the Calder Yard contract.",FALSE,"does not concern hiding inspection delays, changing logs, or deleting related messages",not responsive,NA,Facilities opened a repair ticket for the east gate light before visitor hours.,"Constructed teaching record: this row is fictional and does not describe a real person, organisation, case, or media item.",RC-0027,27,36
RYD-0028,review,2026-03-29,memo,warehouse supervisor,records question,"Find records about hiding safety inspection delays, changing inspection logs, or deleting inspection-related messages for the Calder Yard contract.",TRUE,contains at least one predeclared keyword and is responsive to the request,keyword responsive,NA,The safety inspection delay should stay out of the weekly Calder Yard summary.,"Constructed teaching record: this row is fictional and does not describe a real person, organisation, case, or media item.",RC-0028,28,20
RYD-0029,review,2026-03-06,chat,program manager,schedule follow-up,"Find records about hiding safety inspection delays, changing inspection logs, or deleting inspection-related messages for the Calder Yard contract.",FALSE,"does not concern hiding inspection delays, changing logs, or deleting related messages",not responsive,NA,Training moved the forklift refresher sheet before the evening class.,"Constructed teaching record: this row is fictional and does not describe a real person, organisation, case, or media item.",RC-0029,29,9
RYD-0030,review,2026-04-27,memo,shift planner,support ticket,"Find records about hiding safety inspection delays, changing inspection logs, or deleting inspection-related messages for the Calder Yard contract.",FALSE,"does not concern hiding inspection delays, changing logs, or deleting related messages",not responsive,NA,Transit reordered the route notice with the new stop name.,"Constructed teaching record: this row is fictional and does not describe a real person, organisation, case, or media item.",RC-0030,30,32
RYD-0031,review,2026-05-02,memo,warehouse supervisor,records question,"Find records about hiding safety inspection delays, changing inspection logs, or deleting inspection-related messages for the Calder Yard contract.",FALSE,"does not concern hiding inspection delays, changing logs, or deleting related messages",not responsive,NA,Transit reordered the shuttle roster with the new stop name.,"Constructed teaching record: this row is fictional and does not describe a real person, organisation, case, or media item.",RC-0031,31,223
RYD-0032,review,2026-03-17,meeting note,warehouse supervisor,payroll question,"Find records about hiding safety inspection delays, changing inspection logs, or deleting inspection-related messages for the Calder Yard contract.",FALSE,"does not concern hiding inspection delays, changing logs, or deleting related messages",not responsive,NA,Training filed the attendance binder before the evening class.,"Constructed teaching record: this row is fictional and does not describe a real person, organisation, case, or media item.",RC-0032,32,159
RYD-0033,review,2026-03-27,call note,operations coordinator,routing item,"Find records about hiding safety inspection delays, changing inspection logs, or deleting inspection-related messages for the Calder Yard contract.",FALSE,"does not concern hiding inspection delays, changing logs, or deleting related messages",not responsive,NA,Transit corrected the shuttle roster with the new stop name.,"Constructed teaching record: this row is fictional and does not describe a real person, organisation, case, or media item.",RC-0033,33,41
RYD-0034,review,2026-04-23,call note,safety clerk,transit update,"Find records about hiding safety inspection delays, changing inspection logs, or deleting inspection-related messages for the Calder Yard contract.",FALSE,"does not concern hiding inspection delays, changing logs, or deleting related messages",not responsive,NA,Transit corrected the route notice with the new stop name.,"Constructed teaching record: this row is fictional and does not describe a real person, organisation, case, or media item.",RC-0034,34,30
RYD-0035,review,2026-03-08,chat,program manager,schedule follow-up,"Find records about hiding safety inspection delays, changing inspection logs, or deleting inspection-related messages for the Calder Yard contract.",FALSE,"does not concern hiding inspection delays, changing logs, or deleting related messages",not responsive,NA,Scheduling moved the orientation calendar before the afternoon intake.,"Constructed teaching record: this row is fictional and does not describe a real person, organisation, case, or media item.",RC-0035,35,29
RYD-0036,review,2026-03-17,chat,safety clerk,visitor follow-up,"Find records about hiding safety inspection delays, changing inspection logs, or deleting inspection-related messages for the Calder Yard contract.",FALSE,"does not concern hiding inspection delays, changing logs, or deleting related messages",not responsive,NA,Facilities opened a repair ticket for the break room fan before visitor hours.,"Constructed teaching record: this row is fictional and does not describe a real person, organisation, case, or media item.",RC-0036,36,12
RYD-0037,review,2026-03-06,memo,shift planner,support ticket,"Find records about hiding safety inspection delays, changing inspection logs, or deleting inspection-related messages for the Calder Yard contract.",FALSE,"does not concern hiding inspection delays, changing logs, or deleting related messages",not responsive,NA,Training moved the classroom key list with the updated cover page.,"Constructed teaching record: this row is fictional and does not describe a real person, organisation, case, or media item.",RC-0037,37,66
RYD-0038,review,2026-05-06,meeting note,shift planner,supervisor note,"Find records about hiding safety inspection delays, changing inspection logs, or deleting inspection-related messages for the Calder Yard contract.",FALSE,"does not concern hiding inspection delays, changing logs, or deleting related messages",not responsive,NA,Scheduling moved the evening roster before the afternoon intake.,"Constructed teaching record: this row is fictional and does not describe a real person, organisation, case, or media item.",RC-0038,38,56
RYD-0039,review,2026-03-29,email,maintenance lead,training room note,"Find records about hiding safety inspection delays, changing inspection logs, or deleting inspection-related messages for the Calder Yard contract.",FALSE,"does not concern hiding inspection delays, changing logs, or deleting related messages",not responsive,NA,Training filed the forklift refresher sheet for the instructor.,"Constructed teaching record: this row is fictional and does not describe a real person, organisation, case, or media item.",RC-0039,39,240
RYD-0040,review,2026-04-02,chat,operations coordinator,schedule follow-up,"Find records about hiding safety inspection delays, changing inspection logs, or deleting inspection-related messages for the Calder Yard contract.",FALSE,"does not concern hiding inspection delays, changing logs, or deleting related messages",not responsive,NA,Training printed the spreadsheet practice file before the evening class.,"Constructed teaching record: this row is fictional and does not describe a real person, organisation, case, or media item.",RC-0040,40,118
RYD-0041,review,2026-04-18,meeting note,warehouse supervisor,payroll question,"Find records about hiding safety inspection delays, changing inspection logs, or deleting inspection-related messages for the Calder Yard contract.",FALSE,"does not concern hiding inspection delays, changing logs, or deleting related messages",not responsive,NA,Scheduling updated the evening roster before the afternoon intake.,"Constructed teaching record: this row is fictional and does not describe a real person, organisation, case, or media item.",RC-0041,41,108
RYD-0042,review,2026-03-16,chat,records assistant,visitor follow-up,"Find records about hiding safety inspection delays, changing inspection logs, or deleting inspection-related messages for the Calder Yard contract.",FALSE,"does not concern hiding inspection delays, changing logs, or deleting related messages",not responsive,NA,Scheduling moved the callback list before the afternoon intake.,"Constructed teaching record: this row is fictional and does not describe a real person, organisation, case, or media item.",RC-0042,42,155
RYD-0043,review,2026-05-23,call note,records assistant,transit update,"Find records about hiding safety inspection delays, changing inspection logs, or deleting inspection-related messages for the Calder Yard contract.",TRUE,contains at least one predeclared keyword and is responsive to the request,keyword responsive,NA,Remove the delayed inspection line from the packet before records reviews it.,"Constructed teaching record: this row is fictional and does not describe a real person, organisation, case, or media item.",RC-0043,43,237
RYD-0044,review,2026-05-05,meeting note,maintenance lead,payroll question,"Find records about hiding safety inspection delays, changing inspection logs, or deleting inspection-related messages for the Calder Yard contract.",FALSE,"does not concern hiding inspection delays, changing logs, or deleting related messages",not responsive,NA,Payroll corrected the direct deposit list before noon.,"Constructed teaching record: this row is fictional and does not describe a real person, organisation, case, or media item.",RC-0044,44,209
RYD-0045,review,2026-04-20,memo,shift planner,support ticket,"Find records about hiding safety inspection delays, changing inspection logs, or deleting inspection-related messages for the Calder Yard contract.",TRUE,contains at least one predeclared keyword and is responsive to the request,keyword responsive,NA,The draft says the inspection was late; delete that line before the packet goes out.,"Constructed teaching record: this row is fictional and does not describe a real person, organisation, case, or media item.",RC-0045,45,55
RYD-0046,review,2026-05-06,meeting note,warehouse supervisor,payroll question,"Find records about hiding safety inspection delays, changing inspection logs, or deleting inspection-related messages for the Calder Yard contract.",FALSE,"does not concern hiding inspection delays, changing logs, or deleting related messages",not responsive,NA,Facilities checked the status of the break room fan before visitor hours.,"Constructed teaching record: this row is fictional and does not describe a real person, organisation, case, or media item.",RC-0046,46,37
RYD-0047,review,2026-04-27,email,warehouse supervisor,training room note,"Find records about hiding safety inspection delays, changing inspection logs, or deleting inspection-related messages for the Calder Yard contract.",FALSE,"does not concern hiding inspection delays, changing logs, or deleting related messages",not responsive,NA,Scheduling moved the callback list for next tuesday.,"Constructed teaching record: this row is fictional and does not describe a real person, organisation, case, or media item.",RC-0047,47,68
RYD-0048,review,2026-04-16,chat,operations coordinator,schedule follow-up,"Find records about hiding safety inspection delays, changing inspection logs, or deleting inspection-related messages for the Calder Yard contract.",FALSE,"does not concern hiding inspection delays, changing logs, or deleting related messages",keyword false hit,NA,Please delete the duplicate lunch order from the event spreadsheet.,"Constructed teaching record: this row is fictional and does not describe a real person, organisation, case, or media item.",RC-0048,48,62
RYD-0049,review,2026-03-23,ticket,safety clerk,desk update,"Find records about hiding safety inspection delays, changing inspection logs, or deleting inspection-related messages for the Calder Yard contract.",FALSE,"does not concern hiding inspection delays, changing logs, or deleting related messages",keyword false hit,NA,The delayed chair shipment arrived at the front desk this afternoon.,"Constructed teaching record: this row is fictional and does not describe a real person, organisation, case, or media item.",RC-0049,49,59
RYD-0050,review,2026-04-03,memo,shift planner,support ticket,"Find records about hiding safety inspection delays, changing inspection logs, or deleting inspection-related messages for the Calder Yard contract.",FALSE,"does not concern hiding inspection delays, changing logs, or deleting related messages",not responsive,NA,Transit corrected the bus pass envelope with the new stop name.,"Constructed teaching record: this row is fictional and does not describe a real person, organisation, case, or media item.",RC-0050,50,1
RYD-0051,review,2026-04-08,meeting note,shift planner,supervisor note,"Find records about hiding safety inspection delays, changing inspection logs, or deleting inspection-related messages for the Calder Yard contract.",TRUE,contains at least one predeclared keyword and is responsive to the request,keyword responsive,NA,"If the inspector asks about Tuesday, say the log is still being reconciled.","Constructed teaching record: this row is fictional and does not describe a real person, organisation, case, or media item.",RC-0051,51,202
RYD-0052,review,2026-05-30,ticket,safety clerk,desk update,"Find records about hiding safety inspection delays, changing inspection logs, or deleting inspection-related messages for the Calder Yard contract.",TRUE,contains at least one predeclared keyword and is responsive to the request,keyword responsive,NA,The Calder Yard summary should not mention that the inspection was missed.,"Constructed teaching record: this row is fictional and does not describe a real person, organisation, case, or media item.",RC-0052,52,233
RYD-0053,review,2026-03-19,chat,records assistant,visitor follow-up,"Find records about hiding safety inspection delays, changing inspection logs, or deleting inspection-related messages for the Calder Yard contract.",FALSE,"does not concern hiding inspection delays, changing logs, or deleting related messages",not responsive,NA,Payroll corrected the timesheet export before noon.,"Constructed teaching record: this row is fictional and does not describe a real person, organisation, case, or media item.",RC-0053,53,157
RYD-0054,review,2026-04-06,call note,program manager,routing item,"Find records about hiding safety inspection delays, changing inspection logs, or deleting inspection-related messages for the Calder Yard contract.",FALSE,"does not concern hiding inspection delays, changing logs, or deleting related messages",keyword false hit,NA,"Calder Yard is listed on the volunteer cleanup map, not the contract file.","Constructed teaching record: this row is fictional and does not describe a real person, organisation, case, or media item.",RC-0054,54,239
RYD-0055,review,2026-05-03,chat,safety clerk,visitor follow-up,"Find records about hiding safety inspection delays, changing inspection logs, or deleting inspection-related messages for the Calder Yard contract.",FALSE,"does not concern hiding inspection delays, changing logs, or deleting related messages",not responsive,NA,Transit counted the fare voucher form after two names changed.,"Constructed teaching record: this row is fictional and does not describe a real person, organisation, case, or media item.",RC-0055,55,201
RYD-0056,review,2026-04-26,call note,operations coordinator,routing item,"Find records about hiding safety inspection delays, changing inspection logs, or deleting inspection-related messages for the Calder Yard contract.",FALSE,"does not concern hiding inspection delays, changing logs, or deleting related messages",not responsive,NA,Training moved the attendance binder with the updated cover page.,"Constructed teaching record: this row is fictional and does not describe a real person, organisation, case, or media item.",RC-0056,56,61
RYD-0057,review,2026-05-12,ticket,records assistant,desk update,"Find records about hiding safety inspection delays, changing inspection logs, or deleting inspection-related messages for the Calder Yard contract.",FALSE,"does not concern hiding inspection delays, changing logs, or deleting related messages",not responsive,NA,Scheduling moved the evening roster for next tuesday.,"Constructed teaching record: this row is fictional and does not describe a real person, organisation, case, or media item.",RC-0057,57,192
RYD-0058,review,2026-04-26,meeting note,maintenance lead,payroll question,"Find records about hiding safety inspection delays, changing inspection logs, or deleting inspection-related messages for the Calder Yard contract.",FALSE,"does not concern hiding inspection delays, changing logs, or deleting related messages",not responsive,NA,Transit counted the shuttle roster after two names changed.,"Constructed teaching record: this row is fictional and does not describe a real person, organisation, case, or media item.",RC-0058,58,227
RYD-0059,review,2026-03-26,memo,warehouse supervisor,records question,"Find records about hiding safety inspection delays, changing inspection logs, or deleting inspection-related messages for the Calder Yard contract.",FALSE,"does not concern hiding inspection delays, changing logs, or deleting related messages",not responsive,NA,Training moved the forklift refresher sheet with the updated cover page.,"Constructed teaching record: this row is fictional and does not describe a real person, organisation, case, or media item.",RC-0059,59,147
RYD-0060,review,2026-04-29,email,warehouse supervisor,training room note,"Find records about hiding safety inspection delays, changing inspection logs, or deleting inspection-related messages for the Calder Yard contract.",FALSE,"does not concern hiding inspection delays, changing logs, or deleting related messages",not responsive,NA,Training moved the classroom key list for the instructor.,"Constructed teaching record: this row is fictional and does not describe a real person, organisation, case, or media item.",RC-0060,60,76
RYD-0061,review,2026-03-15,chat,safety clerk,visitor follow-up,"Find records about hiding safety inspection delays, changing inspection logs, or deleting inspection-related messages for the Calder Yard contract.",FALSE,"does not concern hiding inspection delays, changing logs, or deleting related messages",not responsive,NA,Training printed the attendance binder before the evening class.,"Constructed teaching record: this row is fictional and does not describe a real person, organisation, case, or media item.",RC-0061,61,144
RYD-0062,review,2026-04-23,ticket,program manager,supply note,"Find records about hiding safety inspection delays, changing inspection logs, or deleting inspection-related messages for the Calder Yard contract.",FALSE,"does not concern hiding inspection delays, changing logs, or deleting related messages",not responsive,NA,Training moved the spreadsheet practice file for the instructor.,"Constructed teaching record: this row is fictional and does not describe a real person, organisation, case, or media item.",RC-0062,62,91
RYD-0063,review,2026-05-27,email,warehouse supervisor,training room note,"Find records about hiding safety inspection delays, changing inspection logs, or deleting inspection-related messages for the Calder Yard contract.",FALSE,"does not concern hiding inspection delays, changing logs, or deleting related messages",not responsive,NA,Payroll corrected the timesheet export for the finance desk.,"Constructed teaching record: this row is fictional and does not describe a real person, organisation, case, or media item.",RC-0063,63,218
RYD-0064,review,2026-05-30,email,maintenance lead,training room note,"Find records about hiding safety inspection delays, changing inspection logs, or deleting inspection-related messages for the Calder Yard contract.",TRUE,contains at least one predeclared keyword and is responsive to the request,keyword responsive,NA,Delete my message about the inspection gap after you copy the dates.,"Constructed teaching record: this row is fictional and does not describe a real person, organisation, case, or media item.",RC-0064,64,197
RYD-0065,review,2026-03-26,meeting note,contract analyst,supervisor note,"Find records about hiding safety inspection delays, changing inspection logs, or deleting inspection-related messages for the Calder Yard contract.",FALSE,"does not concern hiding inspection delays, changing logs, or deleting related messages",not responsive,NA,Transit counted the route notice after two names changed.,"Constructed teaching record: this row is fictional and does not describe a real person, organisation, case, or media item.",RC-0065,65,170
RYD-0066,review,2026-03-15,meeting note,contract analyst,supervisor note,"Find records about hiding safety inspection delays, changing inspection logs, or deleting inspection-related messages for the Calder Yard contract.",FALSE,"does not concern hiding inspection delays, changing logs, or deleting related messages",not responsive,NA,Facilities opened a repair ticket for the loading dock sign before visitor hours.,"Constructed teaching record: this row is fictional and does not describe a real person, organisation, case, or media item.",RC-0066,66,171
RYD-0067,review,2026-04-14,meeting note,warehouse supervisor,payroll question,"Find records about hiding safety inspection delays, changing inspection logs, or deleting inspection-related messages for the Calder Yard contract.",FALSE,"does not concern hiding inspection delays, changing logs, or deleting related messages",not responsive,NA,Scheduling moved the room booking before the afternoon intake.,"Constructed teaching record: this row is fictional and does not describe a real person, organisation, case, or media item.",RC-0067,67,134
RYD-0068,review,2026-04-15,memo,shift planner,support ticket,"Find records about hiding safety inspection delays, changing inspection logs, or deleting inspection-related messages for the Calder Yard contract.",FALSE,"does not concern hiding inspection delays, changing logs, or deleting related messages",not responsive,NA,Payroll sent the direct deposit list after a duplicate row appeared.,"Constructed teaching record: this row is fictional and does not describe a real person, organisation, case, or media item.",RC-0068,68,186
RYD-0069,review,2026-05-14,chat,records assistant,visitor follow-up,"Find records about hiding safety inspection delays, changing inspection logs, or deleting inspection-related messages for the Calder Yard contract.",FALSE,"does not concern hiding inspection delays, changing logs, or deleting related messages",not responsive,NA,Payroll sent the direct deposit list before noon.,"Constructed teaching record: this row is fictional and does not describe a real person, organisation, case, or media item.",RC-0069,69,135
RYD-0070,review,2026-03-22,memo,contract analyst,support ticket,"Find records about hiding safety inspection delays, changing inspection logs, or deleting inspection-related messages for the Calder Yard contract.",FALSE,"does not concern hiding inspection delays, changing logs, or deleting related messages",not responsive,NA,Scheduling updated the orientation calendar after a supervisor request.,"Constructed teaching record: this row is fictional and does not describe a real person, organisation, case, or media item.",RC-0070,70,172
RYD-0071,review,2026-04-02,memo,shift planner,support ticket,"Find records about hiding safety inspection delays, changing inspection logs, or deleting inspection-related messages for the Calder Yard contract.",FALSE,"does not concern hiding inspection delays, changing logs, or deleting related messages",not responsive,NA,Payroll corrected the timesheet export after a duplicate row appeared.,"Constructed teaching record: this row is fictional and does not describe a real person, organisation, case, or media item.",RC-0071,71,123
RYD-0072,review,2026-04-21,memo,maintenance lead,records question,"Find records about hiding safety inspection delays, changing inspection logs, or deleting inspection-related messages for the Calder Yard contract.",FALSE,"does not concern hiding inspection delays, changing logs, or deleting related messages",not responsive,NA,Facilities asked maintenance to look at the break room fan near the training entrance.,"Constructed teaching record: this row is fictional and does not describe a real person, organisation, case, or media item.",RC-0072,72,49
RYD-0073,review,2026-04-02,call note,operations coordinator,routing item,"Find records about hiding safety inspection delays, changing inspection logs, or deleting inspection-related messages for the Calder Yard contract.",FALSE,"does not concern hiding inspection delays, changing logs, or deleting related messages",not responsive,NA,Scheduling moved the evening roster after a supervisor request.,"Constructed teaching record: this row is fictional and does not describe a real person, organisation, case, or media item.",RC-0073,73,46
RYD-0074,review,2026-03-09,ticket,safety clerk,desk update,"Find records about hiding safety inspection delays, changing inspection logs, or deleting inspection-related messages for the Calder Yard contract.",FALSE,"does not concern hiding inspection delays, changing logs, or deleting related messages",not responsive,NA,Scheduling updated the room booking for next tuesday.,"Constructed teaching record: this row is fictional and does not describe a real person, organisation, case, or media item.",RC-0074,74,236
RYD-0075,review,2026-03-30,call note,records assistant,transit update,"Find records about hiding safety inspection delays, changing inspection logs, or deleting inspection-related messages for the Calder Yard contract.",FALSE,"does not concern hiding inspection delays, changing logs, or deleting related messages",not responsive,NA,Payroll sent the overtime form after a duplicate row appeared.,"Constructed teaching record: this row is fictional and does not describe a real person, organisation, case, or media item.",RC-0075,75,34
RYD-0076,review,2026-04-23,ticket,program manager,supply note,"Find records about hiding safety inspection delays, changing inspection logs, or deleting inspection-related messages for the Calder Yard contract.",TRUE,uses indirect wording about hiding the requested inspection problem,near duplicate responsive original,NA,Keep the rough yard timeline out of the shared packet today.,"Constructed teaching record: this row is fictional and does not describe a real person, organisation, case, or media item.",RC-0076,76,166
RYD-0077,review,2026-03-05,call note,program manager,routing item,"Find records about hiding safety inspection delays, changing inspection logs, or deleting inspection-related messages for the Calder Yard contract.",FALSE,"does not concern hiding inspection delays, changing logs, or deleting related messages",not responsive,NA,Facilities opened a repair ticket for the loading dock sign near the training entrance.,"Constructed teaching record: this row is fictional and does not describe a real person, organisation, case, or media item.",RC-0077,77,229
RYD-0078,review,2026-03-01,memo,shift planner,support ticket,"Find records about hiding safety inspection delays, changing inspection logs, or deleting inspection-related messages for the Calder Yard contract.",FALSE,"does not concern hiding inspection delays, changing logs, or deleting related messages",not responsive,NA,Facilities checked the status of the loading dock sign near the training entrance.,"Constructed teaching record: this row is fictional and does not describe a real person, organisation, case, or media item.",RC-0078,78,107
RYD-0079,review,2026-04-04,chat,safety clerk,visitor follow-up,"Find records about hiding safety inspection delays, changing inspection logs, or deleting inspection-related messages for the Calder Yard contract.",FALSE,"does not concern hiding inspection delays, changing logs, or deleting related messages",not responsive,NA,Scheduling confirmed the evening roster before the afternoon intake.,"Constructed teaching record: this row is fictional and does not describe a real person, organisation, case, or media item.",RC-0079,79,193
RYD-0080,review,2026-04-14,email,maintenance lead,training room note,"Find records about hiding safety inspection delays, changing inspection logs, or deleting inspection-related messages for the Calder Yard contract.",FALSE,"does not concern hiding inspection delays, changing logs, or deleting related messages",not responsive,NA,Payroll checked the overtime form for the finance desk.,"Constructed teaching record: this row is fictional and does not describe a real person, organisation, case, or media item.",RC-0080,80,181
RYD-0081,review,2026-03-16,chat,records assistant,visitor follow-up,"Find records about hiding safety inspection delays, changing inspection logs, or deleting inspection-related messages for the Calder Yard contract.",FALSE,"does not concern hiding inspection delays, changing logs, or deleting related messages",keyword false hit,NA,Do not delete the orientation photos; communications asked for them.,"Constructed teaching record: this row is fictional and does not describe a real person, organisation, case, or media item.",RC-0081,81,80
RYD-0082,review,2026-03-14,chat,program manager,schedule follow-up,"Find records about hiding safety inspection delays, changing inspection logs, or deleting inspection-related messages for the Calder Yard contract.",TRUE,contains at least one predeclared keyword and is responsive to the request,keyword responsive,NA,Please delete the chat about the missed inspection window before export.,"Constructed teaching record: this row is fictional and does not describe a real person, organisation, case, or media item.",RC-0082,82,156
RYD-0083,review,2026-04-03,chat,program manager,schedule follow-up,"Find records about hiding safety inspection delays, changing inspection logs, or deleting inspection-related messages for the Calder Yard contract.",FALSE,"does not concern hiding inspection delays, changing logs, or deleting related messages",not responsive,NA,Transit reordered the shuttle roster after two names changed.,"Constructed teaching record: this row is fictional and does not describe a real person, organisation, case, or media item.",RC-0083,83,65
RYD-0084,review,2026-05-20,ticket,records assistant,desk update,"Find records about hiding safety inspection delays, changing inspection logs, or deleting inspection-related messages for the Calder Yard contract.",FALSE,"does not concern hiding inspection delays, changing logs, or deleting related messages",not responsive,NA,Transit corrected the shuttle roster for monday pickup.,"Constructed teaching record: this row is fictional and does not describe a real person, organisation, case, or media item.",RC-0084,84,180
RYD-0085,review,2026-05-25,meeting note,contract analyst,supervisor note,"Find records about hiding safety inspection delays, changing inspection logs, or deleting inspection-related messages for the Calder Yard contract.",FALSE,"does not concern hiding inspection delays, changing logs, or deleting related messages",keyword false hit,NA,The safety inspection newsletter is an outreach item for new students.,"Constructed teaching record: this row is fictional and does not describe a real person, organisation, case, or media item.",RC-0085,85,98
RYD-0086,review,2026-05-01,memo,contract analyst,support ticket,"Find records about hiding safety inspection delays, changing inspection logs, or deleting inspection-related messages for the Calder Yard contract.",FALSE,"does not concern hiding inspection delays, changing logs, or deleting related messages",not responsive,NA,Training filed the forklift refresher sheet with the updated cover page.,"Constructed teaching record: this row is fictional and does not describe a real person, organisation, case, or media item.",RC-0086,86,52
RYD-0087,review,2026-04-09,memo,maintenance lead,records question,"Find records about hiding safety inspection delays, changing inspection logs, or deleting inspection-related messages for the Calder Yard contract.",FALSE,"does not concern hiding inspection delays, changing logs, or deleting related messages",not responsive,NA,Scheduling confirmed the room booking after a supervisor request.,"Constructed teaching record: this row is fictional and does not describe a real person, organisation, case, or media item.",RC-0087,87,78
RYD-0088,review,2026-04-28,memo,maintenance lead,records question,"Find records about hiding safety inspection delays, changing inspection logs, or deleting inspection-related messages for the Calder Yard contract.",FALSE,"does not concern hiding inspection delays, changing logs, or deleting related messages",not responsive,NA,Training printed the spreadsheet practice file with the updated cover page.,"Constructed teaching record: this row is fictional and does not describe a real person, organisation, case, or media item.",RC-0088,88,31
RYD-0089,review,2026-04-08,meeting note,shift planner,supervisor note,"Find records about hiding safety inspection delays, changing inspection logs, or deleting inspection-related messages for the Calder Yard contract.",TRUE,uses indirect wording about hiding the requested inspection problem,vocabulary mismatch responsive,NA,Tell records the rough chronology is a working copy and not ready to share.,"Constructed teaching record: this row is fictional and does not describe a real person, organisation, case, or media item.",RC-0089,89,101
RYD-0090,review,2026-05-05,meeting note,shift planner,supervisor note,"Find records about hiding safety inspection delays, changing inspection logs, or deleting inspection-related messages for the Calder Yard contract.",FALSE,"does not concern hiding inspection delays, changing logs, or deleting related messages",near duplicate not responsive original,NA,The sample sticker for the classroom drill belongs in the training folder.,"Constructed teaching record: this row is fictional and does not describe a real person, organisation, case, or media item.",RC-0090,90,109
RYD-0091,review,2026-05-07,email,contract analyst,operations note,"Find records about hiding safety inspection delays, changing inspection logs, or deleting inspection-related messages for the Calder Yard contract.",FALSE,"does not concern hiding inspection delays, changing logs, or deleting related messages",not responsive,NA,Scheduling moved the orientation calendar for next tuesday.,"Constructed teaching record: this row is fictional and does not describe a real person, organisation, case, or media item.",RC-0091,91,22
RYD-0092,review,2026-05-03,email,maintenance lead,training room note,"Find records about hiding safety inspection delays, changing inspection logs, or deleting inspection-related messages for the Calder Yard contract.",FALSE,"does not concern hiding inspection delays, changing logs, or deleting related messages",not responsive,NA,Facilities opened a repair ticket for the break room fan after the morning shift.,"Constructed teaching record: this row is fictional and does not describe a real person, organisation, case, or media item.",RC-0092,92,40
RYD-0093,review,2026-04-24,memo,warehouse supervisor,records question,"Find records about hiding safety inspection delays, changing inspection logs, or deleting inspection-related messages for the Calder Yard contract.",FALSE,"does not concern hiding inspection delays, changing logs, or deleting related messages",not responsive,NA,Scheduling moved the orientation calendar after a supervisor request.,"Constructed teaching record: this row is fictional and does not describe a real person, organisation, case, or media item.",RC-0093,93,148
RYD-0094,review,2026-04-04,chat,program manager,schedule follow-up,"Find records about hiding safety inspection delays, changing inspection logs, or deleting inspection-related messages for the Calder Yard contract.",FALSE,"does not concern hiding inspection delays, changing logs, or deleting related messages",not responsive,NA,Payroll sent the stipend batch before noon.,"Constructed teaching record: this row is fictional and does not describe a real person, organisation, case, or media item.",RC-0094,94,99
RYD-0095,review,2026-04-11,chat,operations coordinator,schedule follow-up,"Find records about hiding safety inspection delays, changing inspection logs, or deleting inspection-related messages for the Calder Yard contract.",FALSE,"does not concern hiding inspection delays, changing logs, or deleting related messages",not responsive,NA,Facilities opened a repair ticket for the badge printer before visitor hours.,"Constructed teaching record: this row is fictional and does not describe a real person, organisation, case, or media item.",RC-0095,95,205
RYD-0096,review,2026-05-20,meeting note,maintenance lead,payroll question,"Find records about hiding safety inspection delays, changing inspection logs, or deleting inspection-related messages for the Calder Yard contract.",FALSE,"does not concern hiding inspection delays, changing logs, or deleting related messages",not responsive,NA,Training printed the classroom key list before the evening class.,"Constructed teaching record: this row is fictional and does not describe a real person, organisation, case, or media item.",RC-0096,96,151
RYD-0097,review,2026-05-12,call note,records assistant,transit update,"Find records about hiding safety inspection delays, changing inspection logs, or deleting inspection-related messages for the Calder Yard contract.",FALSE,"does not concern hiding inspection delays, changing logs, or deleting related messages",not responsive,NA,Training filed the attendance binder with the updated cover page.,"Constructed teaching record: this row is fictional and does not describe a real person, organisation, case, or media item.",RC-0097,97,83
RYD-0098,review,2026-03-09,ticket,operations coordinator,supply note,"Find records about hiding safety inspection delays, changing inspection logs, or deleting inspection-related messages for the Calder Yard contract.",FALSE,"does not concern hiding inspection delays, changing logs, or deleting related messages",not responsive,NA,Training printed the classroom key list for the instructor.,"Constructed teaching record: this row is fictional and does not describe a real person, organisation, case, or media item.",RC-0098,98,54
RYD-0099,review,2026-05-26,memo,warehouse supervisor,records question,"Find records about hiding safety inspection delays, changing inspection logs, or deleting inspection-related messages for the Calder Yard contract.",FALSE,"does not concern hiding inspection delays, changing logs, or deleting related messages",not responsive,NA,Training filed the classroom key list with the updated cover page.,"Constructed teaching record: this row is fictional and does not describe a real person, organisation, case, or media item.",RC-0099,99,58
RYD-0100,review,2026-05-03,chat,operations coordinator,schedule follow-up,"Find records about hiding safety inspection delays, changing inspection logs, or deleting inspection-related messages for the Calder Yard contract.",FALSE,"does not concern hiding inspection delays, changing logs, or deleting related messages",not responsive,NA,Transit counted the bus pass envelope after two names changed.,"Constructed teaching record: this row is fictional and does not describe a real person, organisation, case, or media item.",RC-0100,100,207
RYD-0101,review,2026-05-03,call note,safety clerk,transit update,"Find records about hiding safety inspection delays, changing inspection logs, or deleting inspection-related messages for the Calder Yard contract.",FALSE,"does not concern hiding inspection delays, changing logs, or deleting related messages",not responsive,NA,Transit counted the shuttle roster with the new stop name.,"Constructed teaching record: this row is fictional and does not describe a real person, organisation, case, or media item.",RC-0101,101,3
RYD-0102,review,2026-04-17,call note,safety clerk,transit update,"Find records about hiding safety inspection delays, changing inspection logs, or deleting inspection-related messages for the Calder Yard contract.",FALSE,"does not concern hiding inspection delays, changing logs, or deleting related messages",not responsive,NA,Scheduling confirmed the callback list after a supervisor request.,"Constructed teaching record: this row is fictional and does not describe a real person, organisation, case, or media item.",RC-0102,102,125
RYD-0103,review,2026-05-25,memo,warehouse supervisor,records question,"Find records about hiding safety inspection delays, changing inspection logs, or deleting inspection-related messages for the Calder Yard contract.",FALSE,"does not concern hiding inspection delays, changing logs, or deleting related messages",not responsive,NA,Facilities checked the status of the east gate light near the training entrance.,"Constructed teaching record: this row is fictional and does not describe a real person, organisation, case, or media item.",RC-0103,103,131
RYD-0104,review,2026-04-10,call note,operations coordinator,routing item,"Find records about hiding safety inspection delays, changing inspection logs, or deleting inspection-related messages for the Calder Yard contract.",TRUE,contains at least one predeclared keyword and is responsive to the request,keyword responsive,NA,Do not mention the delayed guardrail check in the Calder Yard update.,"Constructed teaching record: this row is fictional and does not describe a real person, organisation, case, or media item.",RC-0104,104,69
RYD-0105,review,2026-04-22,chat,records assistant,visitor follow-up,"Find records about hiding safety inspection delays, changing inspection logs, or deleting inspection-related messages for the Calder Yard contract.",TRUE,contains at least one predeclared keyword and is responsive to the request,keyword responsive,NA,Please replace the Calder Yard log with the version that skips Tuesday.,"Constructed teaching record: this row is fictional and does not describe a real person, organisation, case, or media item.",RC-0105,105,214
RYD-0106,review,2026-05-30,memo,maintenance lead,records question,"Find records about hiding safety inspection delays, changing inspection logs, or deleting inspection-related messages for the Calder Yard contract.",FALSE,"does not concern hiding inspection delays, changing logs, or deleting related messages",not responsive,NA,Transit counted the bus pass envelope with the new stop name.,"Constructed teaching record: this row is fictional and does not describe a real person, organisation, case, or media item.",RC-0106,106,21
RYD-0107,review,2026-05-17,meeting note,maintenance lead,payroll question,"Find records about hiding safety inspection delays, changing inspection logs, or deleting inspection-related messages for the Calder Yard contract.",FALSE,"does not concern hiding inspection delays, changing logs, or deleting related messages",not responsive,NA,Transit corrected the route notice after two names changed.,"Constructed teaching record: this row is fictional and does not describe a real person, organisation, case, or media item.",RC-0107,107,116
RYD-0108,review,2026-03-12,ticket,program manager,supply note,"Find records about hiding safety inspection delays, changing inspection logs, or deleting inspection-related messages for the Calder Yard contract.",FALSE,"does not concern hiding inspection delays, changing logs, or deleting related messages",not responsive,NA,Payroll sent the overtime form for the finance desk.,"Constructed teaching record: this row is fictional and does not describe a real person, organisation, case, or media item.",RC-0108,108,104
RYD-0109,review,2026-04-12,chat,operations coordinator,schedule follow-up,"Find records about hiding safety inspection delays, changing inspection logs, or deleting inspection-related messages for the Calder Yard contract.",FALSE,"does not concern hiding inspection delays, changing logs, or deleting related messages",not responsive,NA,Facilities asked maintenance to look at the break room fan before visitor hours.,"Constructed teaching record: this row is fictional and does not describe a real person, organisation, case, or media item.",RC-0109,109,219
RYD-0110,review,2026-03-24,email,contract analyst,operations note,"Find records about hiding safety inspection delays, changing inspection logs, or deleting inspection-related messages for the Calder Yard contract.",TRUE,uses indirect wording about hiding the requested inspection problem,vocabulary mismatch responsive,NA,Keep the red binder off the shared table until the visitor leaves.,"Constructed teaching record: this row is fictional and does not describe a real person, organisation, case, or media item.",RC-0110,110,5
RYD-0111,review,2026-03-01,call note,records assistant,transit update,"Find records about hiding safety inspection delays, changing inspection logs, or deleting inspection-related messages for the Calder Yard contract.",FALSE,"does not concern hiding inspection delays, changing logs, or deleting related messages",not responsive,NA,Training moved the spreadsheet practice file with the updated cover page.,"Constructed teaching record: this row is fictional and does not describe a real person, organisation, case, or media item.",RC-0111,111,10
RYD-0112,review,2026-04-21,chat,safety clerk,visitor follow-up,"Find records about hiding safety inspection delays, changing inspection logs, or deleting inspection-related messages for the Calder Yard contract.",FALSE,"does not concern hiding inspection delays, changing logs, or deleting related messages",not responsive,NA,Scheduling updated the orientation calendar before the afternoon intake.,"Constructed teaching record: this row is fictional and does not describe a real person, organisation, case, or media item.",RC-0112,112,182
RYD-0113,review,2026-03-12,chat,safety clerk,visitor follow-up,"Find records about hiding safety inspection delays, changing inspection logs, or deleting inspection-related messages for the Calder Yard contract.",FALSE,"does not concern hiding inspection delays, changing logs, or deleting related messages",not responsive,NA,Training filed the forklift refresher sheet before the evening class.,"Constructed teaching record: this row is fictional and does not describe a real person, organisation, case, or media item.",RC-0113,113,106
RYD-0114,review,2026-05-14,ticket,program manager,supply note,"Find records about hiding safety inspection delays, changing inspection logs, or deleting inspection-related messages for the Calder Yard contract.",FALSE,"does not concern hiding inspection delays, changing logs, or deleting related messages",not responsive,NA,Scheduling updated the evening roster for next tuesday.,"Constructed teaching record: this row is fictional and does not describe a real person, organisation, case, or media item.",RC-0114,114,165
RYD-0115,review,2026-05-25,meeting note,warehouse supervisor,payroll question,"Find records about hiding safety inspection delays, changing inspection logs, or deleting inspection-related messages for the Calder Yard contract.",FALSE,"does not concern hiding inspection delays, changing logs, or deleting related messages",not responsive,NA,Payroll sent the overtime form before noon.,"Constructed teaching record: this row is fictional and does not describe a real person, organisation, case, or media item.",RC-0115,115,42
RYD-0116,review,2026-04-09,ticket,operations coordinator,supply note,"Find records about hiding safety inspection delays, changing inspection logs, or deleting inspection-related messages for the Calder Yard contract.",FALSE,"does not concern hiding inspection delays, changing logs, or deleting related messages",not responsive,NA,Scheduling confirmed the callback list for next tuesday.,"Constructed teaching record: this row is fictional and does not describe a real person, organisation, case, or media item.",RC-0116,116,194
RYD-0117,review,2026-05-28,ticket,operations coordinator,supply note,"Find records about hiding safety inspection delays, changing inspection logs, or deleting inspection-related messages for the Calder Yard contract.",FALSE,"does not concern hiding inspection delays, changing logs, or deleting related messages",not responsive,NA,Payroll checked the stipend batch for the finance desk.,"Constructed teaching record: this row is fictional and does not describe a real person, organisation, case, or media item.",RC-0117,117,196
RYD-0118,review,2026-05-01,meeting note,shift planner,supervisor note,"Find records about hiding safety inspection delays, changing inspection logs, or deleting inspection-related messages for the Calder Yard contract.",FALSE,"does not concern hiding inspection delays, changing logs, or deleting related messages",not responsive,NA,Scheduling confirmed the orientation calendar before the afternoon intake.,"Constructed teaching record: this row is fictional and does not describe a real person, organisation, case, or media item.",RC-0118,118,67
RYD-0119,review,2026-05-15,chat,records assistant,visitor follow-up,"Find records about hiding safety inspection delays, changing inspection logs, or deleting inspection-related messages for the Calder Yard contract.",FALSE,"does not concern hiding inspection delays, changing logs, or deleting related messages",not responsive,NA,Transit corrected the bus pass envelope after two names changed.,"Constructed teaching record: this row is fictional and does not describe a real person, organisation, case, or media item.",RC-0119,119,35
RYD-0120,review,2026-04-18,call note,records assistant,transit update,"Find records about hiding safety inspection delays, changing inspection logs, or deleting inspection-related messages for the Calder Yard contract.",FALSE,"does not concern hiding inspection delays, changing logs, or deleting related messages",not responsive,NA,Scheduling updated the evening roster after a supervisor request.,"Constructed teaching record: this row is fictional and does not describe a real person, organisation, case, or media item.",RC-0120,120,64
RYD-0121,review,2026-04-10,chat,program manager,schedule follow-up,"Find records about hiding safety inspection delays, changing inspection logs, or deleting inspection-related messages for the Calder Yard contract.",FALSE,"does not concern hiding inspection delays, changing logs, or deleting related messages",not responsive,NA,Training filed the classroom key list before the evening class.,"Constructed teaching record: this row is fictional and does not describe a real person, organisation, case, or media item.",RC-0121,121,213
RYD-0122,review,2026-04-09,call note,records assistant,transit update,"Find records about hiding safety inspection delays, changing inspection logs, or deleting inspection-related messages for the Calder Yard contract.",TRUE,uses indirect wording about hiding the requested inspection problem,near duplicate responsive copy,RYD-0076,Keep the rough yard timeline away from the shared packet today.,"Constructed teaching record: this row is fictional and does not describe a real person, organisation, case, or media item.",RC-0122,122,94
RYD-0123,review,2026-03-26,call note,operations coordinator,routing item,"Find records about hiding safety inspection delays, changing inspection logs, or deleting inspection-related messages for the Calder Yard contract.",TRUE,uses indirect wording about hiding the requested inspection problem,vocabulary mismatch responsive,NA,The orange tab has the gap; send the white tab if anyone asks today.,"Constructed teaching record: this row is fictional and does not describe a real person, organisation, case, or media item.",RC-0123,123,90
RYD-0124,review,2026-03-28,call note,program manager,routing item,"Find records about hiding safety inspection delays, changing inspection logs, or deleting inspection-related messages for the Calder Yard contract.",TRUE,contains at least one predeclared keyword and is responsive to the request,keyword responsive,NA,Do not upload the message chain about the delayed inspection.,"Constructed teaching record: this row is fictional and does not describe a real person, organisation, case, or media item.",RC-0124,124,238
RYD-0125,review,2026-03-11,email,warehouse supervisor,training room note,"Find records about hiding safety inspection delays, changing inspection logs, or deleting inspection-related messages for the Calder Yard contract.",FALSE,"does not concern hiding inspection delays, changing logs, or deleting related messages",not responsive,NA,Facilities asked maintenance to look at the badge printer after the morning shift.,"Constructed teaching record: this row is fictional and does not describe a real person, organisation, case, or media item.",RC-0125,125,7
RYD-0126,review,2026-04-06,meeting note,maintenance lead,payroll question,"Find records about hiding safety inspection delays, changing inspection logs, or deleting inspection-related messages for the Calder Yard contract.",TRUE,contains at least one predeclared keyword and is responsive to the request,keyword responsive,NA,"The inspection record should read pending, not delayed, for Calder Yard.","Constructed teaching record: this row is fictional and does not describe a real person, organisation, case, or media item.",RC-0126,126,75
RYD-0127,review,2026-03-18,meeting note,warehouse supervisor,payroll question,"Find records about hiding safety inspection delays, changing inspection logs, or deleting inspection-related messages for the Calder Yard contract.",TRUE,uses indirect wording about hiding the requested inspection problem,near duplicate responsive copy,RYD-0165,Set aside the marked route sheet until after the customer visit.,"Constructed teaching record: this row is fictional and does not describe a real person, organisation, case, or media item.",RC-0127,127,57
RYD-0128,review,2026-04-21,chat,records assistant,visitor follow-up,"Find records about hiding safety inspection delays, changing inspection logs, or deleting inspection-related messages for the Calder Yard contract.",FALSE,"does not concern hiding inspection delays, changing logs, or deleting related messages",not responsive,NA,Facilities checked the status of the loading dock sign before visitor hours.,"Constructed teaching record: this row is fictional and does not describe a real person, organisation, case, or media item.",RC-0128,128,84
RYD-0129,review,2026-04-02,meeting note,warehouse supervisor,payroll question,"Find records about hiding safety inspection delays, changing inspection logs, or deleting inspection-related messages for the Calder Yard contract.",FALSE,"does not concern hiding inspection delays, changing logs, or deleting related messages",near duplicate not responsive copy,RYD-0191,The delayed bus flyer belongs on the lobby bulletin board.,"Constructed teaching record: this row is fictional and does not describe a real person, organisation, case, or media item.",RC-0129,129,177
RYD-0130,review,2026-03-23,ticket,safety clerk,desk update,"Find records about hiding safety inspection delays, changing inspection logs, or deleting inspection-related messages for the Calder Yard contract.",FALSE,"does not concern hiding inspection delays, changing logs, or deleting related messages",not responsive,NA,Payroll checked the direct deposit list for the finance desk.,"Constructed teaching record: this row is fictional and does not describe a real person, organisation, case, or media item.",RC-0130,130,143
RYD-0131,review,2026-05-29,chat,operations coordinator,schedule follow-up,"Find records about hiding safety inspection delays, changing inspection logs, or deleting inspection-related messages for the Calder Yard contract.",TRUE,contains at least one predeclared keyword and is responsive to the request,keyword responsive,NA,Please keep the inspection delay out of the client-facing timeline.,"Constructed teaching record: this row is fictional and does not describe a real person, organisation, case, or media item.",RC-0131,131,208
RYD-0132,review,2026-04-13,call note,safety clerk,transit update,"Find records about hiding safety inspection delays, changing inspection logs, or deleting inspection-related messages for the Calder Yard contract.",FALSE,"does not concern hiding inspection delays, changing logs, or deleting related messages",keyword false hit,NA,The inspection sticker sample is only for the classroom demonstration.,"Constructed teaching record: this row is fictional and does not describe a real person, organisation, case, or media item.",RC-0132,132,51
RYD-0133,review,2026-03-22,call note,program manager,routing item,"Find records about hiding safety inspection delays, changing inspection logs, or deleting inspection-related messages for the Calder Yard contract.",FALSE,"does not concern hiding inspection delays, changing logs, or deleting related messages",not responsive,NA,Scheduling updated the room booking after a supervisor request.,"Constructed teaching record: this row is fictional and does not describe a real person, organisation, case, or media item.",RC-0133,133,18
RYD-0134,review,2026-04-17,memo,warehouse supervisor,records question,"Find records about hiding safety inspection delays, changing inspection logs, or deleting inspection-related messages for the Calder Yard contract.",FALSE,"does not concern hiding inspection delays, changing logs, or deleting related messages",not responsive,NA,Scheduling updated the callback list after a supervisor request.,"Constructed teaching record: this row is fictional and does not describe a real person, organisation, case, or media item.",RC-0134,134,6
RYD-0135,review,2026-03-07,meeting note,contract analyst,supervisor note,"Find records about hiding safety inspection delays, changing inspection logs, or deleting inspection-related messages for the Calder Yard contract.",FALSE,"does not concern hiding inspection delays, changing logs, or deleting related messages",not responsive,NA,Payroll sent the timesheet export before noon.,"Constructed teaching record: this row is fictional and does not describe a real person, organisation, case, or media item.",RC-0135,135,114
RYD-0136,review,2026-05-27,ticket,safety clerk,desk update,"Find records about hiding safety inspection delays, changing inspection logs, or deleting inspection-related messages for the Calder Yard contract.",FALSE,"does not concern hiding inspection delays, changing logs, or deleting related messages",not responsive,NA,Facilities opened a repair ticket for the loading dock sign after the morning shift.,"Constructed teaching record: this row is fictional and does not describe a real person, organisation, case, or media item.",RC-0136,136,160
RYD-0137,review,2026-04-20,email,shift planner,operations note,"Find records about hiding safety inspection delays, changing inspection logs, or deleting inspection-related messages for the Calder Yard contract.",FALSE,"does not concern hiding inspection delays, changing logs, or deleting related messages",not responsive,NA,Training printed the spreadsheet practice file for the instructor.,"Constructed teaching record: this row is fictional and does not describe a real person, organisation, case, or media item.",RC-0137,137,27
RYD-0138,review,2026-05-09,ticket,records assistant,desk update,"Find records about hiding safety inspection delays, changing inspection logs, or deleting inspection-related messages for the Calder Yard contract.",FALSE,"does not concern hiding inspection delays, changing logs, or deleting related messages",not responsive,NA,Training moved the attendance binder for the instructor.,"Constructed teaching record: this row is fictional and does not describe a real person, organisation, case, or media item.",RC-0138,138,110
RYD-0139,review,2026-04-19,call note,program manager,routing item,"Find records about hiding safety inspection delays, changing inspection logs, or deleting inspection-related messages for the Calder Yard contract.",FALSE,"does not concern hiding inspection delays, changing logs, or deleting related messages",not responsive,NA,Payroll checked the direct deposit list after a duplicate row appeared.,"Constructed teaching record: this row is fictional and does not describe a real person, organisation, case, or media item.",RC-0139,139,150
RYD-0140,review,2026-04-28,memo,shift planner,support ticket,"Find records about hiding safety inspection delays, changing inspection logs, or deleting inspection-related messages for the Calder Yard contract.",FALSE,"does not concern hiding inspection delays, changing logs, or deleting related messages",keyword false hit,NA,The invoice log matches the accounting export after the vendor correction.,"Constructed teaching record: this row is fictional and does not describe a real person, organisation, case, or media item.",RC-0140,140,86
RYD-0141,review,2026-03-23,call note,records assistant,transit update,"Find records about hiding safety inspection delays, changing inspection logs, or deleting inspection-related messages for the Calder Yard contract.",FALSE,"does not concern hiding inspection delays, changing logs, or deleting related messages",not responsive,NA,Scheduling moved the room booking after a supervisor request.,"Constructed teaching record: this row is fictional and does not describe a real person, organisation, case, or media item.",RC-0141,141,50
RYD-0142,review,2026-03-07,email,contract analyst,operations note,"Find records about hiding safety inspection delays, changing inspection logs, or deleting inspection-related messages for the Calder Yard contract.",FALSE,"does not concern hiding inspection delays, changing logs, or deleting related messages",not responsive,NA,Facilities checked the status of the east gate light after the morning shift.,"Constructed teaching record: this row is fictional and does not describe a real person, organisation, case, or media item.",RC-0142,142,161
RYD-0143,review,2026-04-26,chat,operations coordinator,schedule follow-up,"Find records about hiding safety inspection delays, changing inspection logs, or deleting inspection-related messages for the Calder Yard contract.",FALSE,"does not concern hiding inspection delays, changing logs, or deleting related messages",not responsive,NA,Scheduling confirmed the room booking before the afternoon intake.,"Constructed teaching record: this row is fictional and does not describe a real person, organisation, case, or media item.",RC-0143,143,89
RYD-0144,review,2026-05-24,call note,safety clerk,transit update,"Find records about hiding safety inspection delays, changing inspection logs, or deleting inspection-related messages for the Calder Yard contract.",TRUE,contains at least one predeclared keyword and is responsive to the request,keyword responsive,NA,Please remove my message about changing the inspection date.,"Constructed teaching record: this row is fictional and does not describe a real person, organisation, case, or media item.",RC-0144,144,115
RYD-0145,review,2026-05-31,email,shift planner,operations note,"Find records about hiding safety inspection delays, changing inspection logs, or deleting inspection-related messages for the Calder Yard contract.",FALSE,"does not concern hiding inspection delays, changing logs, or deleting related messages",not responsive,NA,Payroll corrected the overtime form for the finance desk.,"Constructed teaching record: this row is fictional and does not describe a real person, organisation, case, or media item.",RC-0145,145,133
RYD-0146,review,2026-03-23,ticket,records assistant,desk update,"Find records about hiding safety inspection delays, changing inspection logs, or deleting inspection-related messages for the Calder Yard contract.",TRUE,uses indirect wording about hiding the requested inspection problem,vocabulary mismatch responsive,NA,Please scrub the yard note before the noon packet goes out.,"Constructed teaching record: this row is fictional and does not describe a real person, organisation, case, or media item.",RC-0146,146,105
RYD-0147,review,2026-04-14,email,shift planner,operations note,"Find records about hiding safety inspection delays, changing inspection logs, or deleting inspection-related messages for the Calder Yard contract.",TRUE,contains at least one predeclared keyword and is responsive to the request,keyword responsive,NA,The old log shows the missed check; send the revised Calder Yard version.,"Constructed teaching record: this row is fictional and does not describe a real person, organisation, case, or media item.",RC-0147,147,216
RYD-0148,review,2026-04-30,ticket,operations coordinator,supply note,"Find records about hiding safety inspection delays, changing inspection logs, or deleting inspection-related messages for the Calder Yard contract.",FALSE,"does not concern hiding inspection delays, changing logs, or deleting related messages",not responsive,NA,Transit counted the shuttle roster for monday pickup.,"Constructed teaching record: this row is fictional and does not describe a real person, organisation, case, or media item.",RC-0148,148,199
RYD-0149,review,2026-05-07,meeting note,shift planner,supervisor note,"Find records about hiding safety inspection delays, changing inspection logs, or deleting inspection-related messages for the Calder Yard contract.",FALSE,"does not concern hiding inspection delays, changing logs, or deleting related messages",not responsive,NA,Facilities asked maintenance to look at the east gate light before visitor hours.,"Constructed teaching record: this row is fictional and does not describe a real person, organisation, case, or media item.",RC-0149,149,82
RYD-0150,review,2026-04-20,call note,operations coordinator,routing item,"Find records about hiding safety inspection delays, changing inspection logs, or deleting inspection-related messages for the Calder Yard contract.",FALSE,"does not concern hiding inspection delays, changing logs, or deleting related messages",not responsive,NA,Training printed the forklift refresher sheet with the updated cover page.,"Constructed teaching record: this row is fictional and does not describe a real person, organisation, case, or media item.",RC-0150,150,225
RYD-0151,review,2026-05-03,memo,contract analyst,support ticket,"Find records about hiding safety inspection delays, changing inspection logs, or deleting inspection-related messages for the Calder Yard contract.",FALSE,"does not concern hiding inspection delays, changing logs, or deleting related messages",near duplicate not responsive copy,RYD-0090,The classroom drill sticker sample belongs in the training folder.,"Constructed teaching record: this row is fictional and does not describe a real person, organisation, case, or media item.",RC-0151,151,232
RYD-0152,review,2026-05-06,ticket,records assistant,desk update,"Find records about hiding safety inspection delays, changing inspection logs, or deleting inspection-related messages for the Calder Yard contract.",FALSE,"does not concern hiding inspection delays, changing logs, or deleting related messages",not responsive,NA,Scheduling confirmed the orientation calendar for next tuesday.,"Constructed teaching record: this row is fictional and does not describe a real person, organisation, case, or media item.",RC-0152,152,95
RYD-0153,review,2026-05-03,email,maintenance lead,training room note,"Find records about hiding safety inspection delays, changing inspection logs, or deleting inspection-related messages for the Calder Yard contract.",FALSE,"does not concern hiding inspection delays, changing logs, or deleting related messages",not responsive,NA,Training printed the attendance binder for the instructor.,"Constructed teaching record: this row is fictional and does not describe a real person, organisation, case, or media item.",RC-0153,153,189
RYD-0154,review,2026-05-19,chat,program manager,schedule follow-up,"Find records about hiding safety inspection delays, changing inspection logs, or deleting inspection-related messages for the Calder Yard contract.",TRUE,uses indirect wording about hiding the requested inspection problem,vocabulary mismatch responsive,NA,Use the clean timeline in the client packet and park the rough one elsewhere.,"Constructed teaching record: this row is fictional and does not describe a real person, organisation, case, or media item.",RC-0154,154,200
RYD-0155,review,2026-04-12,meeting note,contract analyst,supervisor note,"Find records about hiding safety inspection delays, changing inspection logs, or deleting inspection-related messages for the Calder Yard contract.",FALSE,"does not concern hiding inspection delays, changing logs, or deleting related messages",not responsive,NA,Training filed the spreadsheet practice file before the evening class.,"Constructed teaching record: this row is fictional and does not describe a real person, organisation, case, or media item.",RC-0155,155,141
RYD-0156,review,2026-04-05,memo,maintenance lead,records question,"Find records about hiding safety inspection delays, changing inspection logs, or deleting inspection-related messages for the Calder Yard contract.",FALSE,"does not concern hiding inspection delays, changing logs, or deleting related messages",keyword false hit,NA,The maintenance log for Room 104 shows the sink repair was completed.,"Constructed teaching record: this row is fictional and does not describe a real person, organisation, case, or media item.",RC-0156,156,130
RYD-0157,review,2026-05-16,ticket,operations coordinator,supply note,"Find records about hiding safety inspection delays, changing inspection logs, or deleting inspection-related messages for the Calder Yard contract.",TRUE,uses indirect wording about hiding the requested inspection problem,vocabulary mismatch responsive,NA,Keep the missed-check note out of the records room until after the walkthrough.,"Constructed teaching record: this row is fictional and does not describe a real person, organisation, case, or media item.",RC-0157,157,70
RYD-0158,review,2026-05-01,email,warehouse supervisor,training room note,"Find records about hiding safety inspection delays, changing inspection logs, or deleting inspection-related messages for the Calder Yard contract.",FALSE,"does not concern hiding inspection delays, changing logs, or deleting related messages",not responsive,NA,Transit corrected the bus pass envelope for monday pickup.,"Constructed teaching record: this row is fictional and does not describe a real person, organisation, case, or media item.",RC-0158,158,15
RYD-0159,review,2026-04-27,call note,program manager,routing item,"Find records about hiding safety inspection delays, changing inspection logs, or deleting inspection-related messages for the Calder Yard contract.",FALSE,"does not concern hiding inspection delays, changing logs, or deleting related messages",not responsive,NA,Facilities checked the status of the badge printer near the training entrance.,"Constructed teaching record: this row is fictional and does not describe a real person, organisation, case, or media item.",RC-0159,159,221
RYD-0160,review,2026-03-21,ticket,operations coordinator,supply note,"Find records about hiding safety inspection delays, changing inspection logs, or deleting inspection-related messages for the Calder Yard contract.",FALSE,"does not concern hiding inspection delays, changing logs, or deleting related messages",not responsive,NA,Payroll corrected the direct deposit list for the finance desk.,"Constructed teaching record: this row is fictional and does not describe a real person, organisation, case, or media item.",RC-0160,160,190
RYD-0161,review,2026-04-08,email,contract analyst,operations note,"Find records about hiding safety inspection delays, changing inspection logs, or deleting inspection-related messages for the Calder Yard contract.",FALSE,"does not concern hiding inspection delays, changing logs, or deleting related messages",not responsive,NA,Payroll sent the stipend batch for the finance desk.,"Constructed teaching record: this row is fictional and does not describe a real person, organisation, case, or media item.",RC-0161,161,53
RYD-0162,review,2026-04-15,meeting note,shift planner,supervisor note,"Find records about hiding safety inspection delays, changing inspection logs, or deleting inspection-related messages for the Calder Yard contract.",FALSE,"does not concern hiding inspection delays, changing logs, or deleting related messages",not responsive,NA,Transit corrected the shuttle roster after two names changed.,"Constructed teaching record: this row is fictional and does not describe a real person, organisation, case, or media item.",RC-0162,162,124
RYD-0163,review,2026-04-21,call note,records assistant,transit update,"Find records about hiding safety inspection delays, changing inspection logs, or deleting inspection-related messages for the Calder Yard contract.",FALSE,"does not concern hiding inspection delays, changing logs, or deleting related messages",not responsive,NA,Transit reordered the fare voucher form with the new stop name.,"Constructed teaching record: this row is fictional and does not describe a real person, organisation, case, or media item.",RC-0163,163,112
RYD-0164,review,2026-05-07,memo,contract analyst,support ticket,"Find records about hiding safety inspection delays, changing inspection logs, or deleting inspection-related messages for the Calder Yard contract.",TRUE,contains at least one predeclared keyword and is responsive to the request,keyword responsive,NA,Keep the Calder Yard delay in draft notes until after the visit.,"Constructed teaching record: this row is fictional and does not describe a real person, organisation, case, or media item.",RC-0164,164,211
RYD-0165,review,2026-04-02,memo,contract analyst,support ticket,"Find records about hiding safety inspection delays, changing inspection logs, or deleting inspection-related messages for the Calder Yard contract.",TRUE,uses indirect wording about hiding the requested inspection problem,near duplicate responsive original,NA,Set the marked route sheet aside until the customer visit is over.,"Constructed teaching record: this row is fictional and does not describe a real person, organisation, case, or media item.",RC-0165,165,210
RYD-0166,review,2026-03-18,ticket,program manager,supply note,"Find records about hiding safety inspection delays, changing inspection logs, or deleting inspection-related messages for the Calder Yard contract.",FALSE,"does not concern hiding inspection delays, changing logs, or deleting related messages",near duplicate not responsive copy,RYD-0196,Please remove the duplicate sandwich order from the event sheet.,"Constructed teaching record: this row is fictional and does not describe a real person, organisation, case, or media item.",RC-0166,166,85
RYD-0167,review,2026-05-23,email,warehouse supervisor,training room note,"Find records about hiding safety inspection delays, changing inspection logs, or deleting inspection-related messages for the Calder Yard contract.",FALSE,"does not concern hiding inspection delays, changing logs, or deleting related messages",keyword false hit,NA,The inspector role in the training exercise is assigned to Marcus.,"Constructed teaching record: this row is fictional and does not describe a real person, organisation, case, or media item.",RC-0167,167,92
RYD-0168,review,2026-04-13,call note,operations coordinator,routing item,"Find records about hiding safety inspection delays, changing inspection logs, or deleting inspection-related messages for the Calder Yard contract.",FALSE,"does not concern hiding inspection delays, changing logs, or deleting related messages",not responsive,NA,Facilities asked maintenance to look at the east gate light near the training entrance.,"Constructed teaching record: this row is fictional and does not describe a real person, organisation, case, or media item.",RC-0168,168,25
RYD-0169,review,2026-04-20,call note,program manager,routing item,"Find records about hiding safety inspection delays, changing inspection logs, or deleting inspection-related messages for the Calder Yard contract.",FALSE,"does not concern hiding inspection delays, changing logs, or deleting related messages",not responsive,NA,Transit counted the route notice with the new stop name.,"Constructed teaching record: this row is fictional and does not describe a real person, organisation, case, or media item.",RC-0169,169,191
RYD-0170,review,2026-05-30,call note,program manager,routing item,"Find records about hiding safety inspection delays, changing inspection logs, or deleting inspection-related messages for the Calder Yard contract.",FALSE,"does not concern hiding inspection delays, changing logs, or deleting related messages",not responsive,NA,Payroll sent the timesheet export after a duplicate row appeared.,"Constructed teaching record: this row is fictional and does not describe a real person, organisation, case, or media item.",RC-0170,170,33
RYD-0171,review,2026-05-15,call note,records assistant,transit update,"Find records about hiding safety inspection delays, changing inspection logs, or deleting inspection-related messages for the Calder Yard contract.",FALSE,"does not concern hiding inspection delays, changing logs, or deleting related messages",near duplicate not responsive copy,RYD-0026,The maintenance binder should include the Room 104 sink repair note.,"Constructed teaching record: this row is fictional and does not describe a real person, organisation, case, or media item.",RC-0171,171,169
RYD-0172,review,2026-05-18,call note,safety clerk,transit update,"Find records about hiding safety inspection delays, changing inspection logs, or deleting inspection-related messages for the Calder Yard contract.",FALSE,"does not concern hiding inspection delays, changing logs, or deleting related messages",not responsive,NA,Facilities opened a repair ticket for the east gate light near the training entrance.,"Constructed teaching record: this row is fictional and does not describe a real person, organisation, case, or media item.",RC-0172,172,44
RYD-0173,review,2026-04-16,call note,safety clerk,transit update,"Find records about hiding safety inspection delays, changing inspection logs, or deleting inspection-related messages for the Calder Yard contract.",FALSE,"does not concern hiding inspection delays, changing logs, or deleting related messages",not responsive,NA,Payroll checked the stipend batch after a duplicate row appeared.,"Constructed teaching record: this row is fictional and does not describe a real person, organisation, case, or media item.",RC-0173,173,224
RYD-0174,review,2026-04-23,ticket,program manager,supply note,"Find records about hiding safety inspection delays, changing inspection logs, or deleting inspection-related messages for the Calder Yard contract.",FALSE,"does not concern hiding inspection delays, changing logs, or deleting related messages",not responsive,NA,Scheduling moved the room booking for next tuesday.,"Constructed teaching record: this row is fictional and does not describe a real person, organisation, case, or media item.",RC-0174,174,164
RYD-0175,review,2026-04-20,meeting note,warehouse supervisor,payroll question,"Find records about hiding safety inspection delays, changing inspection logs, or deleting inspection-related messages for the Calder Yard contract.",TRUE,contains at least one predeclared keyword and is responsive to the request,keyword responsive,NA,"The Calder Yard inspection gap belongs in my private notes, not the shared file.","Constructed teaching record: this row is fictional and does not describe a real person, organisation, case, or media item.",RC-0175,175,149
RYD-0176,review,2026-05-06,email,contract analyst,operations note,"Find records about hiding safety inspection delays, changing inspection logs, or deleting inspection-related messages for the Calder Yard contract.",FALSE,"does not concern hiding inspection delays, changing logs, or deleting related messages",keyword false hit,NA,A visitor asked where to inspect donated laptops before class.,"Constructed teaching record: this row is fictional and does not describe a real person, organisation, case, or media item.",RC-0176,176,185
RYD-0177,review,2026-05-27,memo,warehouse supervisor,records question,"Find records about hiding safety inspection delays, changing inspection logs, or deleting inspection-related messages for the Calder Yard contract.",TRUE,uses indirect wording about hiding the requested inspection problem,vocabulary mismatch responsive,NA,The side folder has the version with the missing Tuesday stop.,"Constructed teaching record: this row is fictional and does not describe a real person, organisation, case, or media item.",RC-0177,177,38
RYD-0178,review,2026-04-17,ticket,program manager,supply note,"Find records about hiding safety inspection delays, changing inspection logs, or deleting inspection-related messages for the Calder Yard contract.",TRUE,contains at least one predeclared keyword and is responsive to the request,keyword responsive,NA,Please change the inspection log wording before the records export.,"Constructed teaching record: this row is fictional and does not describe a real person, organisation, case, or media item.",RC-0178,178,235
RYD-0179,review,2026-03-26,meeting note,contract analyst,supervisor note,"Find records about hiding safety inspection delays, changing inspection logs, or deleting inspection-related messages for the Calder Yard contract.",FALSE,"does not concern hiding inspection delays, changing logs, or deleting related messages",not responsive,NA,Scheduling updated the room booking before the afternoon intake.,"Constructed teaching record: this row is fictional and does not describe a real person, organisation, case, or media item.",RC-0179,179,14
RYD-0180,review,2026-05-23,chat,records assistant,visitor follow-up,"Find records about hiding safety inspection delays, changing inspection logs, or deleting inspection-related messages for the Calder Yard contract.",FALSE,"does not concern hiding inspection delays, changing logs, or deleting related messages",not responsive,NA,Facilities asked maintenance to look at the badge printer before visitor hours.,"Constructed teaching record: this row is fictional and does not describe a real person, organisation, case, or media item.",RC-0180,180,88
RYD-0181,review,2026-04-24,memo,shift planner,support ticket,"Find records about hiding safety inspection delays, changing inspection logs, or deleting inspection-related messages for the Calder Yard contract.",FALSE,"does not concern hiding inspection delays, changing logs, or deleting related messages",not responsive,NA,Facilities asked maintenance to look at the badge printer near the training entrance.,"Constructed teaching record: this row is fictional and does not describe a real person, organisation, case, or media item.",RC-0181,181,122
RYD-0182,review,2026-05-29,ticket,program manager,supply note,"Find records about hiding safety inspection delays, changing inspection logs, or deleting inspection-related messages for the Calder Yard contract.",FALSE,"does not concern hiding inspection delays, changing logs, or deleting related messages",not responsive,NA,Facilities checked the status of the break room fan after the morning shift.,"Constructed teaching record: this row is fictional and does not describe a real person, organisation, case, or media item.",RC-0182,182,119
RYD-0183,review,2026-04-02,email,contract analyst,operations note,"Find records about hiding safety inspection delays, changing inspection logs, or deleting inspection-related messages for the Calder Yard contract.",FALSE,"does not concern hiding inspection delays, changing logs, or deleting related messages",not responsive,NA,Training moved the forklift refresher sheet for the instructor.,"Constructed teaching record: this row is fictional and does not describe a real person, organisation, case, or media item.",RC-0183,183,136
RYD-0184,review,2026-03-11,ticket,operations coordinator,supply note,"Find records about hiding safety inspection delays, changing inspection logs, or deleting inspection-related messages for the Calder Yard contract.",FALSE,"does not concern hiding inspection delays, changing logs, or deleting related messages",not responsive,NA,Transit corrected the route notice for monday pickup.,"Constructed teaching record: this row is fictional and does not describe a real person, organisation, case, or media item.",RC-0184,184,73
RYD-0185,review,2026-03-23,ticket,safety clerk,desk update,"Find records about hiding safety inspection delays, changing inspection logs, or deleting inspection-related messages for the Calder Yard contract.",FALSE,"does not concern hiding inspection delays, changing logs, or deleting related messages",not responsive,NA,Facilities checked the status of the badge printer after the morning shift.,"Constructed teaching record: this row is fictional and does not describe a real person, organisation, case, or media item.",RC-0185,185,102
RYD-0186,review,2026-03-07,memo,contract analyst,support ticket,"Find records about hiding safety inspection delays, changing inspection logs, or deleting inspection-related messages for the Calder Yard contract.",FALSE,"does not concern hiding inspection delays, changing logs, or deleting related messages",not responsive,NA,Payroll checked the overtime form after a duplicate row appeared.,"Constructed teaching record: this row is fictional and does not describe a real person, organisation, case, or media item.",RC-0186,186,198
RYD-0187,review,2026-05-31,memo,maintenance lead,records question,"Find records about hiding safety inspection delays, changing inspection logs, or deleting inspection-related messages for the Calder Yard contract.",FALSE,"does not concern hiding inspection delays, changing logs, or deleting related messages",not responsive,NA,Facilities opened a repair ticket for the badge printer near the training entrance.,"Constructed teaching record: this row is fictional and does not describe a real person, organisation, case, or media item.",RC-0187,187,111
RYD-0188,review,2026-05-16,meeting note,contract analyst,supervisor note,"Find records about hiding safety inspection delays, changing inspection logs, or deleting inspection-related messages for the Calder Yard contract.",TRUE,contains at least one predeclared keyword and is responsive to the request,keyword responsive,NA,Move the draft inspection log to my folder and share only the cleaned copy.,"Constructed teaching record: this row is fictional and does not describe a real person, organisation, case, or media item.",RC-0188,188,220
RYD-0189,review,2026-03-05,chat,program manager,schedule follow-up,"Find records about hiding safety inspection delays, changing inspection logs, or deleting inspection-related messages for the Calder Yard contract.",FALSE,"does not concern hiding inspection delays, changing logs, or deleting related messages",not responsive,NA,Facilities checked the status of the east gate light before visitor hours.,"Constructed teaching record: this row is fictional and does not describe a real person, organisation, case, or media item.",RC-0189,189,137
RYD-0190,review,2026-05-14,ticket,program manager,supply note,"Find records about hiding safety inspection delays, changing inspection logs, or deleting inspection-related messages for the Calder Yard contract.",FALSE,"does not concern hiding inspection delays, changing logs, or deleting related messages",not responsive,NA,Training filed the attendance binder for the instructor.,"Constructed teaching record: this row is fictional and does not describe a real person, organisation, case, or media item.",RC-0190,190,23
RYD-0191,review,2026-05-07,email,maintenance lead,training room note,"Find records about hiding safety inspection delays, changing inspection logs, or deleting inspection-related messages for the Calder Yard contract.",FALSE,"does not concern hiding inspection delays, changing logs, or deleting related messages",near duplicate not responsive original,NA,The bus delay flyer should go on the lobby bulletin board.,"Constructed teaching record: this row is fictional and does not describe a real person, organisation, case, or media item.",RC-0191,191,74
RYD-0192,review,2026-03-09,email,contract analyst,operations note,"Find records about hiding safety inspection delays, changing inspection logs, or deleting inspection-related messages for the Calder Yard contract.",FALSE,"does not concern hiding inspection delays, changing logs, or deleting related messages",not responsive,NA,Scheduling updated the callback list for next tuesday.,"Constructed teaching record: this row is fictional and does not describe a real person, organisation, case, or media item.",RC-0192,192,103
RYD-0193,review,2026-04-18,call note,safety clerk,transit update,"Find records about hiding safety inspection delays, changing inspection logs, or deleting inspection-related messages for the Calder Yard contract.",FALSE,"does not concern hiding inspection delays, changing logs, or deleting related messages",not responsive,NA,Payroll corrected the direct deposit list after a duplicate row appeared.,"Constructed teaching record: this row is fictional and does not describe a real person, organisation, case, or media item.",RC-0193,193,231
RYD-0194,review,2026-05-05,call note,program manager,routing item,"Find records about hiding safety inspection delays, changing inspection logs, or deleting inspection-related messages for the Calder Yard contract.",FALSE,"does not concern hiding inspection delays, changing logs, or deleting related messages",not responsive,NA,Transit reordered the bus pass envelope with the new stop name.,"Constructed teaching record: this row is fictional and does not describe a real person, organisation, case, or media item.",RC-0194,194,178
RYD-0195,review,2026-05-20,chat,records assistant,visitor follow-up,"Find records about hiding safety inspection delays, changing inspection logs, or deleting inspection-related messages for the Calder Yard contract.",FALSE,"does not concern hiding inspection delays, changing logs, or deleting related messages",not responsive,NA,Transit reordered the route notice after two names changed.,"Constructed teaching record: this row is fictional and does not describe a real person, organisation, case, or media item.",RC-0195,195,145
RYD-0196,review,2026-05-15,call note,operations coordinator,routing item,"Find records about hiding safety inspection delays, changing inspection logs, or deleting inspection-related messages for the Calder Yard contract.",FALSE,"does not concern hiding inspection delays, changing logs, or deleting related messages",near duplicate not responsive original,NA,The duplicate sandwich order should be removed from the event sheet.,"Constructed teaching record: this row is fictional and does not describe a real person, organisation, case, or media item.",RC-0196,196,132
RYD-0197,review,2026-05-28,meeting note,maintenance lead,payroll question,"Find records about hiding safety inspection delays, changing inspection logs, or deleting inspection-related messages for the Calder Yard contract.",FALSE,"does not concern hiding inspection delays, changing logs, or deleting related messages",not responsive,NA,Facilities asked maintenance to look at the loading dock sign before visitor hours.,"Constructed teaching record: this row is fictional and does not describe a real person, organisation, case, or media item.",RC-0197,197,179
RYD-0198,review,2026-03-02,meeting note,maintenance lead,payroll question,"Find records about hiding safety inspection delays, changing inspection logs, or deleting inspection-related messages for the Calder Yard contract.",FALSE,"does not concern hiding inspection delays, changing logs, or deleting related messages",keyword false hit,NA,Please attach the log of projector loans to the equipment ticket.,"Constructed teaching record: this row is fictional and does not describe a real person, organisation, case, or media item.",RC-0198,198,206
RYD-0199,review,2026-04-10,call note,records assistant,transit update,"Find records about hiding safety inspection delays, changing inspection logs, or deleting inspection-related messages for the Calder Yard contract.",FALSE,"does not concern hiding inspection delays, changing logs, or deleting related messages",not responsive,NA,Facilities checked the status of the break room fan near the training entrance.,"Constructed teaching record: this row is fictional and does not describe a real person, organisation, case, or media item.",RC-0199,199,19
RYD-0200,review,2026-05-31,email,warehouse supervisor,training room note,"Find records about hiding safety inspection delays, changing inspection logs, or deleting inspection-related messages for the Calder Yard contract.",FALSE,"does not concern hiding inspection delays, changing logs, or deleting related messages",not responsive,NA,Payroll sent the direct deposit list for the finance desk.,"Constructed teaching record: this row is fictional and does not describe a real person, organisation, case, or media item.",RC-0200,200,226
RYD-0201,review,2026-03-31,memo,contract analyst,support ticket,"Find records about hiding safety inspection delays, changing inspection logs, or deleting inspection-related messages for the Calder Yard contract.",FALSE,"does not concern hiding inspection delays, changing logs, or deleting related messages",not responsive,NA,Training printed the attendance binder with the updated cover page.,"Constructed teaching record: this row is fictional and does not describe a real person, organisation, case, or media item.",RC-0201,201,187
RYD-0202,review,2026-04-17,email,warehouse supervisor,training room note,"Find records about hiding safety inspection delays, changing inspection logs, or deleting inspection-related messages for the Calder Yard contract.",FALSE,"does not concern hiding inspection delays, changing logs, or deleting related messages",not responsive,NA,Facilities checked the status of the loading dock sign after the morning shift.,"Constructed teaching record: this row is fictional and does not describe a real person, organisation, case, or media item.",RC-0202,202,154
RYD-0203,review,2026-04-27,email,maintenance lead,training room note,"Find records about hiding safety inspection delays, changing inspection logs, or deleting inspection-related messages for the Calder Yard contract.",FALSE,"does not concern hiding inspection delays, changing logs, or deleting related messages",not responsive,NA,Scheduling confirmed the evening roster for next tuesday.,"Constructed teaching record: this row is fictional and does not describe a real person, organisation, case, or media item.",RC-0203,203,139
RYD-0204,review,2026-03-19,meeting note,contract analyst,supervisor note,"Find records about hiding safety inspection delays, changing inspection logs, or deleting inspection-related messages for the Calder Yard contract.",FALSE,"does not concern hiding inspection delays, changing logs, or deleting related messages",not responsive,NA,Facilities checked the status of the badge printer before visitor hours.,"Constructed teaching record: this row is fictional and does not describe a real person, organisation, case, or media item.",RC-0204,204,228
RYD-0205,review,2026-05-28,ticket,program manager,supply note,"Find records about hiding safety inspection delays, changing inspection logs, or deleting inspection-related messages for the Calder Yard contract.",FALSE,"does not concern hiding inspection delays, changing logs, or deleting related messages",not responsive,NA,Transit reordered the fare voucher form for monday pickup.,"Constructed teaching record: this row is fictional and does not describe a real person, organisation, case, or media item.",RC-0205,205,162
RYD-0206,review,2026-05-11,chat,records assistant,visitor follow-up,"Find records about hiding safety inspection delays, changing inspection logs, or deleting inspection-related messages for the Calder Yard contract.",FALSE,"does not concern hiding inspection delays, changing logs, or deleting related messages",not responsive,NA,Training moved the classroom key list before the evening class.,"Constructed teaching record: this row is fictional and does not describe a real person, organisation, case, or media item.",RC-0206,206,63
RYD-0207,review,2026-03-30,ticket,operations coordinator,supply note,"Find records about hiding safety inspection delays, changing inspection logs, or deleting inspection-related messages for the Calder Yard contract.",FALSE,"does not concern hiding inspection delays, changing logs, or deleting related messages",not responsive,NA,Facilities asked maintenance to look at the loading dock sign after the morning shift.,"Constructed teaching record: this row is fictional and does not describe a real person, organisation, case, or media item.",RC-0207,207,16
RYD-0208,review,2026-04-10,meeting note,contract analyst,supervisor note,"Find records about hiding safety inspection delays, changing inspection logs, or deleting inspection-related messages for the Calder Yard contract.",FALSE,"does not concern hiding inspection delays, changing logs, or deleting related messages",not responsive,NA,Transit reordered the bus pass envelope after two names changed.,"Constructed teaching record: this row is fictional and does not describe a real person, organisation, case, or media item.",RC-0208,208,167
RYD-0209,review,2026-03-10,memo,maintenance lead,records question,"Find records about hiding safety inspection delays, changing inspection logs, or deleting inspection-related messages for the Calder Yard contract.",TRUE,contains at least one predeclared keyword and is responsive to the request,keyword responsive,NA,"After you copy the guardrail dates, delete the note about the late check.","Constructed teaching record: this row is fictional and does not describe a real person, organisation, case, or media item.",RC-0209,209,138
RYD-0210,review,2026-05-03,memo,shift planner,support ticket,"Find records about hiding safety inspection delays, changing inspection logs, or deleting inspection-related messages for the Calder Yard contract.",FALSE,"does not concern hiding inspection delays, changing logs, or deleting related messages",not responsive,NA,Scheduling moved the callback list after a supervisor request.,"Constructed teaching record: this row is fictional and does not describe a real person, organisation, case, or media item.",RC-0210,210,175
RYD-0211,review,2026-04-23,email,contract analyst,operations note,"Find records about hiding safety inspection delays, changing inspection logs, or deleting inspection-related messages for the Calder Yard contract.",FALSE,"does not concern hiding inspection delays, changing logs, or deleting related messages",not responsive,NA,Training filed the classroom key list for the instructor.,"Constructed teaching record: this row is fictional and does not describe a real person, organisation, case, or media item.",RC-0211,211,4
RYD-0212,review,2026-04-29,call note,operations coordinator,routing item,"Find records about hiding safety inspection delays, changing inspection logs, or deleting inspection-related messages for the Calder Yard contract.",FALSE,"does not concern hiding inspection delays, changing logs, or deleting related messages",not responsive,NA,Payroll corrected the stipend batch after a duplicate row appeared.,"Constructed teaching record: this row is fictional and does not describe a real person, organisation, case, or media item.",RC-0212,212,230
RYD-0213,review,2026-05-24,memo,contract analyst,support ticket,"Find records about hiding safety inspection delays, changing inspection logs, or deleting inspection-related messages for the Calder Yard contract.",FALSE,"does not concern hiding inspection delays, changing logs, or deleting related messages",not responsive,NA,Facilities opened a repair ticket for the break room fan near the training entrance.,"Constructed teaching record: this row is fictional and does not describe a real person, organisation, case, or media item.",RC-0213,213,146
RYD-0214,review,2026-05-09,chat,safety clerk,visitor follow-up,"Find records about hiding safety inspection delays, changing inspection logs, or deleting inspection-related messages for the Calder Yard contract.",FALSE,"does not concern hiding inspection delays, changing logs, or deleting related messages",not responsive,NA,Payroll checked the overtime form before noon.,"Constructed teaching record: this row is fictional and does not describe a real person, organisation, case, or media item.",RC-0214,214,39
RYD-0215,review,2026-04-01,memo,warehouse supervisor,records question,"Find records about hiding safety inspection delays, changing inspection logs, or deleting inspection-related messages for the Calder Yard contract.",FALSE,"does not concern hiding inspection delays, changing logs, or deleting related messages",keyword false hit,NA,The Calder room key is missing from the facilities log.,"Constructed teaching record: this row is fictional and does not describe a real person, organisation, case, or media item.",RC-0215,215,174
RYD-0216,review,2026-03-24,call note,program manager,routing item,"Find records about hiding safety inspection delays, changing inspection logs, or deleting inspection-related messages for the Calder Yard contract.",FALSE,"does not concern hiding inspection delays, changing logs, or deleting related messages",not responsive,NA,Training filed the spreadsheet practice file with the updated cover page.,"Constructed teaching record: this row is fictional and does not describe a real person, organisation, case, or media item.",RC-0216,216,163
RYD-0217,review,2026-04-13,chat,operations coordinator,schedule follow-up,"Find records about hiding safety inspection delays, changing inspection logs, or deleting inspection-related messages for the Calder Yard contract.",FALSE,"does not concern hiding inspection delays, changing logs, or deleting related messages",not responsive,NA,Transit corrected the fare voucher form after two names changed.,"Constructed teaching record: this row is fictional and does not describe a real person, organisation, case, or media item.",RC-0217,217,2
RYD-0218,review,2026-04-05,meeting note,maintenance lead,payroll question,"Find records about hiding safety inspection delays, changing inspection logs, or deleting inspection-related messages for the Calder Yard contract.",FALSE,"does not concern hiding inspection delays, changing logs, or deleting related messages",not responsive,NA,Scheduling confirmed the callback list before the afternoon intake.,"Constructed teaching record: this row is fictional and does not describe a real person, organisation, case, or media item.",RC-0218,218,87
RYD-0219,review,2026-04-17,meeting note,contract analyst,supervisor note,"Find records about hiding safety inspection delays, changing inspection logs, or deleting inspection-related messages for the Calder Yard contract.",FALSE,"does not concern hiding inspection delays, changing logs, or deleting related messages",not responsive,NA,Payroll checked the direct deposit list before noon.,"Constructed teaching record: this row is fictional and does not describe a real person, organisation, case, or media item.",RC-0219,219,48
RYD-0220,review,2026-03-22,meeting note,shift planner,supervisor note,"Find records about hiding safety inspection delays, changing inspection logs, or deleting inspection-related messages for the Calder Yard contract.",FALSE,"does not concern hiding inspection delays, changing logs, or deleting related messages",not responsive,NA,Training moved the attendance binder before the evening class.,"Constructed teaching record: this row is fictional and does not describe a real person, organisation, case, or media item.",RC-0220,220,26
RYD-0221,review,2026-04-28,ticket,records assistant,desk update,"Find records about hiding safety inspection delays, changing inspection logs, or deleting inspection-related messages for the Calder Yard contract.",FALSE,"does not concern hiding inspection delays, changing logs, or deleting related messages",not responsive,NA,Training printed the forklift refresher sheet for the instructor.,"Constructed teaching record: this row is fictional and does not describe a real person, organisation, case, or media item.",RC-0221,221,127
RYD-0222,review,2026-03-16,meeting note,warehouse supervisor,payroll question,"Find records about hiding safety inspection delays, changing inspection logs, or deleting inspection-related messages for the Calder Yard contract.",FALSE,"does not concern hiding inspection delays, changing logs, or deleting related messages",not responsive,NA,Training moved the spreadsheet practice file before the evening class.,"Constructed teaching record: this row is fictional and does not describe a real person, organisation, case, or media item.",RC-0222,222,158
RYD-0223,review,2026-03-04,call note,operations coordinator,routing item,"Find records about hiding safety inspection delays, changing inspection logs, or deleting inspection-related messages for the Calder Yard contract.",FALSE,"does not concern hiding inspection delays, changing logs, or deleting related messages",not responsive,NA,Scheduling confirmed the orientation calendar after a supervisor request.,"Constructed teaching record: this row is fictional and does not describe a real person, organisation, case, or media item.",RC-0223,223,11
RYD-0224,review,2026-05-25,email,shift planner,operations note,"Find records about hiding safety inspection delays, changing inspection logs, or deleting inspection-related messages for the Calder Yard contract.",FALSE,"does not concern hiding inspection delays, changing logs, or deleting related messages",not responsive,NA,Payroll checked the timesheet export for the finance desk.,"Constructed teaching record: this row is fictional and does not describe a real person, organisation, case, or media item.",RC-0224,224,168
RYD-0225,review,2026-05-03,ticket,safety clerk,desk update,"Find records about hiding safety inspection delays, changing inspection logs, or deleting inspection-related messages for the Calder Yard contract.",FALSE,"does not concern hiding inspection delays, changing logs, or deleting related messages",not responsive,NA,Transit counted the route notice for monday pickup.,"Constructed teaching record: this row is fictional and does not describe a real person, organisation, case, or media item.",RC-0225,225,17
RYD-0226,review,2026-05-09,ticket,records assistant,desk update,"Find records about hiding safety inspection delays, changing inspection logs, or deleting inspection-related messages for the Calder Yard contract.",FALSE,"does not concern hiding inspection delays, changing logs, or deleting related messages",keyword false hit,NA,The fire inspection reminder was copied to all classroom leads.,"Constructed teaching record: this row is fictional and does not describe a real person, organisation, case, or media item.",RC-0226,226,128
RYD-0227,review,2026-05-18,chat,safety clerk,visitor follow-up,"Find records about hiding safety inspection delays, changing inspection logs, or deleting inspection-related messages for the Calder Yard contract.",TRUE,uses indirect wording about hiding the requested inspection problem,vocabulary mismatch responsive,NA,The draft route sheet tells too much about the missed check.,"Constructed teaching record: this row is fictional and does not describe a real person, organisation, case, or media item.",RC-0227,227,215
RYD-0228,review,2026-04-09,ticket,records assistant,desk update,"Find records about hiding safety inspection delays, changing inspection logs, or deleting inspection-related messages for the Calder Yard contract.",FALSE,"does not concern hiding inspection delays, changing logs, or deleting related messages",not responsive,NA,Payroll corrected the stipend batch for the finance desk.,"Constructed teaching record: this row is fictional and does not describe a real person, organisation, case, or media item.",RC-0228,228,45
RYD-0229,review,2026-04-03,email,contract analyst,operations note,"Find records about hiding safety inspection delays, changing inspection logs, or deleting inspection-related messages for the Calder Yard contract.",TRUE,contains at least one predeclared keyword and is responsive to the request,keyword responsive,NA,Hold the Calder Yard inspection log until the client packet is final.,"Constructed teaching record: this row is fictional and does not describe a real person, organisation, case, or media item.",RC-0229,229,142
RYD-0230,review,2026-05-17,email,maintenance lead,training room note,"Find records about hiding safety inspection delays, changing inspection logs, or deleting inspection-related messages for the Calder Yard contract.",FALSE,"does not concern hiding inspection delays, changing logs, or deleting related messages",not responsive,NA,Transit counted the fare voucher form for monday pickup.,"Constructed teaching record: this row is fictional and does not describe a real person, organisation, case, or media item.",RC-0230,230,81
RYD-0231,review,2026-04-02,meeting note,shift planner,supervisor note,"Find records about hiding safety inspection delays, changing inspection logs, or deleting inspection-related messages for the Calder Yard contract.",FALSE,"does not concern hiding inspection delays, changing logs, or deleting related messages",not responsive,NA,Payroll corrected the stipend batch before noon.,"Constructed teaching record: this row is fictional and does not describe a real person, organisation, case, or media item.",RC-0231,231,188
RYD-0232,review,2026-04-17,ticket,operations coordinator,supply note,"Find records about hiding safety inspection delays, changing inspection logs, or deleting inspection-related messages for the Calder Yard contract.",FALSE,"does not concern hiding inspection delays, changing logs, or deleting related messages",keyword false hit,NA,The library delayed our poster print job until next week.,"Constructed teaching record: this row is fictional and does not describe a real person, organisation, case, or media item.",RC-0232,232,77
RYD-0233,review,2026-05-13,email,contract analyst,operations note,"Find records about hiding safety inspection delays, changing inspection logs, or deleting inspection-related messages for the Calder Yard contract.",FALSE,"does not concern hiding inspection delays, changing logs, or deleting related messages",not responsive,NA,Transit reordered the shuttle roster for monday pickup.,"Constructed teaching record: this row is fictional and does not describe a real person, organisation, case, or media item.",RC-0233,233,93
RYD-0234,review,2026-04-24,memo,contract analyst,support ticket,"Find records about hiding safety inspection delays, changing inspection logs, or deleting inspection-related messages for the Calder Yard contract.",FALSE,"does not concern hiding inspection delays, changing logs, or deleting related messages",not responsive,NA,Transit counted the fare voucher form with the new stop name.,"Constructed teaching record: this row is fictional and does not describe a real person, organisation, case, or media item.",RC-0234,234,28
RYD-0235,review,2026-03-16,meeting note,warehouse supervisor,payroll question,"Find records about hiding safety inspection delays, changing inspection logs, or deleting inspection-related messages for the Calder Yard contract.",FALSE,"does not concern hiding inspection delays, changing logs, or deleting related messages",not responsive,NA,Transit reordered the fare voucher form after two names changed.,"Constructed teaching record: this row is fictional and does not describe a real person, organisation, case, or media item.",RC-0235,235,60
RYD-0236,review,2026-03-26,email,warehouse supervisor,training room note,"Find records about hiding safety inspection delays, changing inspection logs, or deleting inspection-related messages for the Calder Yard contract.",TRUE,uses indirect wording about hiding the requested inspection problem,vocabulary mismatch responsive,NA,The file export should hide the late safety check until we settle the wording.,"Constructed teaching record: this row is fictional and does not describe a real person, organisation, case, or media item.",RC-0236,236,140
RYD-0237,review,2026-03-11,chat,program manager,schedule follow-up,"Find records about hiding safety inspection delays, changing inspection logs, or deleting inspection-related messages for the Calder Yard contract.",FALSE,"does not concern hiding inspection delays, changing logs, or deleting related messages",keyword false hit,NA,The transit delay notice should go on the bulletin board.,"Constructed teaching record: this row is fictional and does not describe a real person, organisation, case, or media item.",RC-0237,237,120
RYD-0238,review,2026-04-10,ticket,operations coordinator,supply note,"Find records about hiding safety inspection delays, changing inspection logs, or deleting inspection-related messages for the Calder Yard contract.",FALSE,"does not concern hiding inspection delays, changing logs, or deleting related messages",not responsive,NA,Facilities opened a repair ticket for the east gate light after the morning shift.,"Constructed teaching record: this row is fictional and does not describe a real person, organisation, case, or media item.",RC-0238,238,234
RYD-0239,review,2026-03-11,memo,contract analyst,support ticket,"Find records about hiding safety inspection delays, changing inspection logs, or deleting inspection-related messages for the Calder Yard contract.",FALSE,"does not concern hiding inspection delays, changing logs, or deleting related messages",not responsive,NA,Scheduling confirmed the evening roster after a supervisor request.,"Constructed teaching record: this row is fictional and does not describe a real person, organisation, case, or media item.",RC-0239,239,43
RYD-0240,review,2026-03-17,ticket,records assistant,desk update,"Find records about hiding safety inspection delays, changing inspection logs, or deleting inspection-related messages for the Calder Yard contract.",TRUE,contains at least one predeclared keyword and is responsive to the request,keyword responsive,NA,Move the inspection notes to the side folder and send the clean log to the contract team.,"Constructed teaching record: this row is fictional and does not describe a real person, organisation, case, or media item.",RC-0240,240,71
